Id,Name,Gender,Age,Birthdate,Address
42b9d9c3-7a3e-47db-9198-0676516707c1,심서진,Female,18,2007-03-06,충청남도 안양시 만안구 광곡길 98
1d9a2d59-8ade-42ab-9f1a-90c866f1432b,장현민,Male,16,2008-09-02,제주특별자치도 고흥군 삼신봉로506번길 112
52fb64c4-beac-4a22-aa89-e27f17deaa45,평채아,Female,13,2012-05-04,강원특별자치도 고양시 일산서구 와선로 242
caaa0b2c-4803-4336-8e2d-e5c718dd31a2,반준석,Male,19,2005-09-08,경기도 거제시 불당36길 239
d406d10f-ac9a-444d-b237-eece88b0ec00,지지성,Male,17,2008-01-13,서울특별시 영도구 공원길 288
26d6f260-0f3b-4b08-a948-4b388ba97054,추아인,Female,10,2014-12-02,제주특별자치도 함양군 쌍봉로 267
a6daf3db-e257-4186-80b8-1e781f05b84e,부미롬,Female,45,1979-09-25,대구광역시 연수구 덕곡길 311
4bbde2e1-80c2-46e6-9c5b-68022a9015c6,온이준,Male,14,2011-06-18,충청북도 김포시 우동1길 117
fd74fb41-9b5a-404e-b012-d790daa78017,모성호,Male,49,1976-04-09,강원특별자치도 평창군 금산로 107
8fcfbea6-288c-4c53-9097-776b4c3a1a52,기영자,Female,38,1987-01-11,서울특별시 대덕구 송정해변로 334
3863cb03-2f4e-4377-aca5-c5230fdc53af,조지연,Female,23,2002-04-04,충청북도 보성군 태장공단길 110
83bd5dd4-8ee4-42e2-bf39-3b70e556fcbf,태주안,Male,0,2024-12-17,울산광역시 해운대구 도장길 30
514fdc51-3fd0-4823-a8e3-8766432d70d9,황예린,Female,33,1992-02-26,제주특별자치도 강진군 군북로 253
9dcd50e7-c546-41a5-b105-112b0c2c0792,위수현,Male,15,2010-03-21,부산광역시 광진구 판지2길 128
e9270463-34b8-4e10-a12e-a8088114099e,심승원,Male,23,2002-04-24,전라남도 고양시 일산동구 솔개바위산길 249
64a5b190-d081-4ffe-a4df-f5cb6a068cca,장미진,Female,37,1988-02-18,전북특별자치도 연천군 반월3길 130
c00e5b97-2357-48fb-aa89-04aa97834ed7,홍연우,Male,10,2014-10-02,강원특별자치도 양양군 다덕로 178
8f51f4e5-61a2-473c-b084-2f5280f1fb84,양영은,Female,53,1971-07-25,경상남도 성남시 분당구 상동길 56
9571a6f1-3880-4955-801c-761e20f48f66,반다온,Female,6,2018-07-24,제주특별자치도 수원시 권선구 장기2길 179
19f5ae62-e130-4228-83de-ca22b6bdadec,범수민,Female,18,2006-11-02,강원특별자치도 금산군 장월로6길 176
25611891-e21f-4a97-864e-23a587bb0cb6,견진희,Female,56,1969-01-03,경상남도 울릉군 월정1길 27
35953814-5ee5-4e51-befc-02ae230b9034,라정연,Female,56,1968-08-23,전북특별자치도 보은군 유산골길 140
c86cac8f-3cf6-44c5-b454-76a20d06cb2d,전정근,Male,40,1985-05-28,충청북도 정읍시 하구산길 112
ba618483-4bc8-46b3-a10a-9f5b85963c5e,감예성,Male,34,1990-09-12,대구광역시 양천구 배골길 21
092ddd87-1d2f-48b6-a726-9ca4aa911405,육시온,Male,2,2023-06-13,충청북도 창원시 마산회원구 체육관길 216
60cf10ac-ae47-4a71-a022-4338df13435b,육도연,Female,18,2007-01-02,충청북도 함안군 대독산업로 92
2e335789-0c6f-4dd3-ac1d-c7681a6b6817,변혜자,Female,61,1964-06-21,강원특별자치도 무주군 원산정길 324
94e69ea0-9a33-470c-9669-1b0f6b62d9be,고태윤,Male,29,1995-08-16,전북특별자치도 문경시 화서문로16번길 165
8ddb4c1a-d0c1-4383-ac94-a68e102181f4,성진호,Male,37,1988-06-16,경상북도 진천군 도이2길 218
ef649634-8cf2-4fcf-b0d6-6800f2882d4f,모도현,Male,33,1992-02-01,부산광역시 서대문구 만경강길 98
95238e34-ae73-4813-a78a-4b44719e9802,방도훈,Male,3,2022-03-24,울산광역시 도봉구 역말로 197
52bfff1c-abad-4989-9581-b994f40bfe9c,최예빈,Female,16,2009-01-23,부산광역시 연제구 동사길 27
bc7c72d3-5967-4b6b-84f2-5be11e5f944d,제시윤,Female,7,2018-01-10,충청남도 완도군 달곡로 134
2eea17c5-891b-4d4b-8a70-da9def08b757,좌성우,Male,41,1984-06-15,전북특별자치도 태백시 원적로743번길 284
9b151922-a5a4-4475-9f98-97acbddbbb20,동정균,Male,40,1985-06-25,충청남도 사천시 평사7길 267
a28345ce-a526-4046-a049-aa5d0f2b72d0,노민재,Male,47,1977-09-28,전북특별자치도 순창군 중부대로1546번길 27
0300c714-c725-449d-a342-a12c5a3d7568,예아윤,Female,13,2011-08-05,전라남도 울진군 서부길 225
de16434e-1e4c-4d7b-89b2-df552a7e7f12,남정국,Male,52,1973-06-02,강원특별자치도 영동군 한절구지로54번길 53
3a909b00-e574-4aaa-aa11-53b6c2eb14bb,제영경,Female,53,1971-09-20,제주특별자치도 김천시 수색로 65
db87abb2-0647-453d-9800-b1a7fa54c5d7,신혜선,Female,29,1995-08-06,경상북도 시흥시 영주로279번길 234
ff82ba36-6294-4029-b91b-eff163f7f8c0,엄철환,Male,64,1960-11-14,충청북도 의정부시 남문로23번길 220
15872a50-741d-4349-a4b4-8cb798fff3e5,옹순애,Female,58,1967-05-22,서울특별시 강남구 경동로 77
51a30e74-b203-438b-9533-e861b508f204,빈하람,Male,14,2010-12-20,경상북도 성주군 화천길 57
ed03c56d-2eae-4aee-993a-c73ade584234,박라온,Male,13,2012-04-12,경상남도 장흥군 두리마을길 253
7dbe098d-d255-40a8-83c5-4a6db632d6e2,구정우,Male,10,2015-06-26,경상북도 고양시 일산서구 매일시장길 264
43408cd0-8a3d-4830-9f46-32ec4ff3e88c,대나,Female,44,1981-03-18,부산광역시 남동구 지삼로17번길 316
d0182dcc-7281-4e2c-8ad0-474b57991ad8,공민호,Male,11,2014-01-08,부산광역시 미추홀구 남일로 310
14e00ce6-c947-4e28-a435-d36d35036666,석도율,Male,11,2013-09-02,경기도 달성군 대흘5길 119
f916b188-0fe3-4456-9009-06a50840a411,지은솔,Female,35,1990-03-08,경기도 삼척시 봉덕로 131
fcae272b-36c0-4d21-92aa-d5950e2317e8,주정원,Female,16,2008-09-07,제주특별자치도 청송군 송정로 63
10f29998-5681-4946-8f54-8410e2421b8a,대희자,Female,65,1960-06-19,울산광역시 해운대구 운문로 120
5b63332e-9686-4677-b3cf-a82e18b66571,감영란,Female,49,1976-06-06,충청북도 안산시 단원구 공술길 278
00b44d2a-bc9d-4a26-9913-be46063a1285,신성진,Male,36,1989-04-15,충청북도 춘천시 외율1길 116
b969fc87-ed14-4c9c-af8b-0ec787ec8409,최지한,Male,30,1994-07-12,강원특별자치도 논산시 보광로51길 217
fbdc67a7-a46f-4552-8619-06632e49a3bc,공연우,Male,13,2011-09-09,전라남도 장수군 차일2길 282
689a61a7-a01c-4ccc-b8c2-29c6893ea2fa,범주은,Female,24,2000-07-19,강원특별자치도 영양군 옹기골길 307
931704a5-ea12-4917-aaf4-048acd566670,대시온,Female,10,2015-02-22,경기도 통영시 웅북1길 242
a82b7068-6864-4b3d-9d55-bfa4e5ad99ac,감서아,Female,6,2019-06-28,경상북도 부천시 오정구 봉선길 82
93b8fb5d-e481-4dd6-ab7b-e255bb61d07f,명민철,Male,39,1986-06-14,충청북도 창녕군 청동로 9
9ca91525-9000-4bde-b3f3-7ac6b3eed17c,공동균,Male,54,1971-03-20,대구광역시 계양구 초양로 41
ea948ac9-37a0-4eff-9d39-7adec36eb54d,경영란,Female,50,1974-07-21,충청남도 성남시 중원구 입석3길 264
a0de878c-2251-40a0-a276-adcc1587d797,선정람,Female,50,1974-12-28,전라남도 여주시 영성로 244
5a364f0a-f4fd-476d-ad1b-5c75cec8dbad,음성준,Male,44,1980-11-12,대구광역시 해운대구 행정공안길 168
32743538-edb5-4584-9c77-dd41e7618dc6,서해린,Female,2,2023-04-25,경기도 의왕시 견훤로 28
22a389f3-908a-4641-a37d-19c3cc8a1bfe,선정경,Female,51,1974-01-09,충청북도 창원시 마산합포구 하문로 228
59cecb81-df00-4c49-b0b7-c2d3e0dcce66,신도훈,Male,18,2006-07-24,인천광역시 양천구 천흥2길 102
dc0aba7a-72d8-40b6-bd12-5889743d1a78,정채윤,Female,12,2013-01-03,전라남도 수원시 영통구 정골2길 40
33364466-a7aa-43dc-a901-d58ee6c2ae0e,서성근,Male,59,1966-04-08,충청북도 부천시 소사구 붓드기길 158
ef3b1710-5884-4646-b965-d6cdb88aeee4,가현지,Female,23,2001-07-16,충청북도 동해시 공원3길 195
22ac5a5c-b68f-482b-885e-b91c28a0c6ac,사영식,Male,55,1970-06-15,제주특별자치도 화천군 동남로579번길 126
a1fa9863-954e-4e8d-9791-d6ce1267100d,육서준,Male,4,2021-01-16,강원특별자치도 무주군 햇내로안길 74
39cb52c3-afc5-44bd-a25f-76dccd0a739a,왕진우,Male,6,2018-10-14,경기도 의정부시 화합로1325번길 185
5ad278d7-3ab0-4e46-8ba4-1336f6fd2e49,심하온,Male,9,2015-10-24,"충청북도 신안군 전망대로1400번길 327    좌표 [북위: 43° 14'30"" 동경: 126° 06'27""]",010-4931-0456
b9c58fb5-f814-4023-950c-e3713ffd7ae4,표동욱,Male,17,2008-02-02,"전북특별자치도 부여군 선운대로 150    좌표 [북위: 40° 12'28"" 동경: 124° 00'23""]",010-8495-0631
�진군 왕십리로31길 328
abe7d48d-1ea6-475c-ac9f-8de831df666c,태수연,Female,8,2017-04-08,충청북도 장수군 도리실길 118
42495ba3-fff0-4b32-b49c-a0eed13be415,구미림,Female,50,1974-10-02,경상북도 횡성군 공단대로 23
aefe8f4a-17a9-47cf-941c-6441a5b369d1,승이재,Male,2,2023-05-12,제주특별자치도 구례군 약산로 57
7f164ae7-ae02-49fb-8992-feefc7097c43,고철재,Male,62,1963-03-01,충청북도 장성군 연희로 148
43766cc3-c55b-409b-8186-c7ee23614535,선정리,Female,39,1986-06-09,인천광역시 중구 상성로 143
0fc4aef2-685b-4cc9-adb7-483e62d37122,하승민,Male,8,2016-12-02,경상북도 용인시 기흥구 봉산문화2길 70
7010ff8f-3f97-4315-87ab-1e5cfffba637,화미순,Female,42,1982-10-23,서울특별시 금천구 운해로 125
776878b8-3f59-4b11-97fc-d0bb93c20654,민영하,Male,65,1960-02-20,전북특별자치도 춘천시 스마트산단로 259
08a453b1-9653-45fb-9cf6-d4617aeb37cb,계예빈,Female,8,2017-04-21,제주특별자치도 고양시 일산서구 가산2길 74
069a83b0-9fba-42f6-a36b-4d3d8dc9606a,갈선연,Female,60,1964-10-28,충청남도 신안군 과역로 292
70bab522-7f99-4e0a-9e5d-62c081f9652b,고도윤,Male,5,2019-12-03,전라남도 성남시 수정구 비안길 132
02e85a35-3ef9-4f54-98ec-124efaca5349,현미림,Female,51,1974-01-23,경상북도 진도군 대선로 1
c31c5b52-2c4b-423d-b894-7ebb1aaadc43,견동현,Male,45,1979-10-03,경상북도 의왕시 작천길 75
23fab464-c0d3-4fd1-b540-15b83355e107,윤가연,Female,16,2009-04-10,경상남도 청주시 상당구 마성공단길 230
38f284a0-5fd3-4098-a55a-dd357dd260b4,판진환,Male,65,1960-05-20,전북특별자치도 성주군 우암로157번길 20
c34e9f48-c6a2-4f8b-af9b-60b1a964ab06,차명희,Female,56,1969-03-18,부산광역시 관악구 동서길 6
9e02ebc0-30f1-4ec6-89b4-bd22cf99374c,엄영자,Female,55,1969-09-11,광주광역시 서초구 청정식품단지길 19
ced83a14-50b1-4a83-8abc-0afdff4a81fb,시정철,Male,49,1975-07-23,제주특별자치도 태안군 대부해안로 198
b3ff3306-d444-4a97-b1b1-1ba55b1cefa6,유은우,Male,10,2015-05-18,전라남도 합천군 우산4길 83
2faa9419-5190-49d7-9b77-e4ba97df19da,두채윤,Female,16,2008-10-22,경기도 성남시 중원구 복죽8길 164
f209bfad-6947-440c-b052-6c137d36c827,허영재,Male,57,1968-02-22,경상북도 영암군 효자로 259
28206329-04f3-4663-966d-7b13e94ec99b,당유주,Female,13,2011-10-11,경기도 부천시 원미구 장안로458번길 285
3232ddea-5cf4-4de0-9881-ac869be2491d,소진영,Female,34,1990-09-11,충청북도 의령군 정암학산길 245
af05f92a-0ac0-47af-817a-ab34b732e32b,방하은,Female,1,2024-04-17,강원특별자치도 당진시 신대로 116
3525c663-f670-4149-94ac-f8c0906b49c7,피영하,Male,39,1985-09-18,충청남도 장흥군 매바위로165번길 305
69e2ddc7-fc5a-48c0-bf11-8c3b55b03a76,한다은,Female,2,2022-12-23,서울특별시 남동구 잔너리길 262
87147c54-8d51-4a62-82cd-503bece7be5e,목영리,Female,50,1974-07-19,전북특별자치도 경산시 추팔1길 23
8ffcd8d4-2a54-4381-a9cd-5821acff19d7,당민재,Male,36,1989-03-22,경상북도 진천군 명례산단3로 8
470670c8-ff55-4033-a36d-7c6ad7c64bed,원태리,Female,12,2012-08-19,제주특별자치도 달성군 지제2길 90
68525f2e-fc32-4499-9516-7d8410482b9b,백현우,Male,25,2000-02-21,경상북도 거제시 금산중촌길 254
821ca463-41bb-40dc-bb17-b9a15058b9f5,평미연,Female,63,1961-12-28,전라남도 상주시 돌북길 38
d8116533-80da-41c8-9f26-773495f1754b,호동식,Male,50,1974-10-17,제주특별자치도 용인시 처인구 증신로476번길 191
f3ae6b54-bc74-4e4e-b40d-aa554af0d907,봉서희,Female,27,1997-11-28,강원특별자치도 강진군 장군로 51
3dd36b59-d018-40a3-a291-6cf372bc4363,견민서,Female,28,1997-01-23,전북특별자치도 안양시 만안구 엄나무길 336
1f201a10-5653-4c18-bb90-8355fbf0e931,봉영하,Male,52,1973-06-01,부산광역시 동작구 죽백9길 178
a9e01aeb-2976-407f-8628-34a11de8185d,노태양,Male,33,1992-04-08,충청남도 김제시 대야길 211
098724e7-f511-48a2-a629-b8f955543411,변진환,Male,57,1968-05-18,경기도 사천시 미륵송계로 236
13ac21c3-cef6-4341-8bb8-61a41478e566,당이든,Male,29,1996-06-27,경상남도 나주시 춘향로 68
62124257-263c-4a84-a2bf-6d9acd16b30c,하승현,Male,22,2003-04-14,경기도 태안군 창포로 176
d34a0a5b-120e-44a0-99cc-b119897379ca,빈선우,Male,23,2002-03-19,경상남도 창원시 의창구 학산로50길 1
3ece5e9c-9a5a-4e34-874d-13e9c92e8c78,신현우,Male,1,2023-11-19,전북특별자치도 칠곡군 구라2길 321
c18dfddf-5836-4a2a-8369-a20f0d8905f2,이미연,Female,64,1960-08-20,대전광역시 서구 도장말길 179
235b6579-bbeb-447f-9fe6-61776a334727,서경희,Female,62,1962-12-04,충청북도 수원시 영통구 광릉내로 106
48690dd9-5e29-4f9a-93fe-77d6c67d2994,황혜연,Female,62,1962-10-05,충청남도 구례군 원장4길 307
abb25edd-db7c-4287-905b-7b2a530db565,갈진아,Female,31,1993-07-25,경기도 함양군 남부로212번길 191
0119724c-99eb-46da-8cbf-e8fe0e4c10a8,장시우,Male,1,2023-08-01,경기도 삼척시 삼양길 280
e1ec86a5-6c30-4bec-93a7-0b2b1eb8babd,윤성철,Male,59,1966-07-03,전라남도 평창군 진조길 290
1c9eecf9-cf28-4ba3-9cb1-e55e4b65d8eb,음예준,Male,8,2017-02-28,충청북도 홍성군 남현1길 204
6998d435-daaf-45a1-bf36-1cda7b94b345,최서진,Male,19,2006-03-11,대전광역시 성동구 예재로 145
9c49a75e-a321-4c77-9883-f2d2d87889cc,노성진,Male,27,1997-07-04,전북특별자치도 담양군 홍북로502번길 123
5fcaac61-8794-4d9f-ba11-cc8b1b5c64b5,화정라,Female,36,1988-11-09,전북특별자치도 부천시 소사구 송단길 106
694bef50-ee70-4f48-8e72-3c689f81b13b,장시훈,Male,8,2016-11-08,충청북도 부천시 소사구 신기3길 169
c5c22cc4-441b-4e81-ad46-5018673c215e,목도경,Male,9,2015-12-24,제주특별자치도 서천군 청정로 341
918e11ef-c327-4a9f-9590-f115777a4384,피수현,Female,20,2004-09-14,충청남도 성남시 중원구 화심안길 70
200d5b27-fd97-4024-a754-ec12f21e2efc,창영민,Male,56,1969-07-01,부산광역시 동래구 대월로28번길 284
d321dc9e-402d-48bb-953c-ac83198e4492,황영민,Male,54,1970-09-26,강원특별자치도 밀양시 양주산성로 25
dcab8057-7c19-4e6c-a55e-c5f776869c5a,설동재,Male,53,1971-07-22,경상남도 구례군 교동동로122번길 77
38a45c99-f5c7-4e3b-9412-7bb838ff3bdf,왕규민,Male,28,1997-06-03,전라남도 창녕군 쌍샘길 345
ce114ee7-b690-4e06-bc95-f1e5e0048560,가은주,Female,47,1977-12-16,경상북도 홍천군 흥선로128번길 102
a25abd71-1e9a-4c6d-9dbe-8e93ac8fade7,방하율,Female,6,2019-03-16,경상남도 곡성군 동진5길 43
5d8720da-1f45-4949-a0a4-b6e9e0351274,편정자,Female,49,1976-04-26,서울특별시 광산구 대봉길 345
02c2c558-1c6a-4176-9179-d42876045eb2,시하민,Male,27,1998-01-24,서울특별시 수영구 송악로 201
0fe1e4ee-4e18-4a36-a51c-427d6b4eb214,하유하,Female,2,2022-08-03,울산광역시 송파구 와천로 342
34d8a710-1c9b-4881-babe-a6c65abfece4,어지현,Female,16,2008-10-03,강원특별자치도 통영시 신두로 272
062743b3-316e-4afe-8bfd-a4b707c553fc,함정연,Female,35,1989-10-03,충청북도 평택시 대동로450번길 12
a5f56e39-f2bf-43e1-aa94-ddec9629eec3,소승준,Male,25,1999-10-21,제주특별자치도 태안군 청지천1길 71
d9384134-5d07-454a-9fcf-53ec42f7df7e,좌시환,Male,9,2015-11-26,전라남도 군위군 원전1길 324
139a3f81-9886-471c-8802-da29851f55f0,인진국,Male,59,1966-04-17,전북특별자치도 통영시 남부1길 232
e9ed4b1e-2dbe-4243-be69-590ecf137277,정성국,Male,58,1966-12-03,전라남도 용인시 기흥구 진밭로 314
e00b8f4d-36f9-4e87-b3a6-2c2c887555ac,채미란,Female,45,1980-05-13,경기도 의성군 사미신감로 294
30d87dbd-9065-47d4-bdaa-7df1c17d3cc2,오미자,Female,61,1964-06-04,경상북도 수원시 장안구 용인대학로 184
39fb2719-863e-41c4-b6a5-7980ad5a01ce,국영하,Male,54,1970-07-26,광주광역시 남동구 역골중앙로 8
f3a735d5-55c3-43dc-8e23-a14c30ff843c,태은지,Female,36,1988-07-14,제주특별자치도 음성군 신흥2길 318
29ceeca0-5dd1-43d6-b1c0-6d2a9698c0df,선우수아,Female,8,2016-08-21,충청북도 청양군 양기길 131
089ec4a3-3c56-4f13-a9c3-82f07b12d876,전아영,Female,19,2006-06-02,전라남도 김제시 화잠6길 230
520a28f5-d51c-4a4f-b21d-a859e57ae347,주민근,Male,49,1975-10-17,서울특별시 마포구 토곡로 56
245448a4-d0ef-4fa2-9399-92483d0b18d6,천현,Male,3,2022-06-27,충청남도 구미시 대곶서로159번길 71
963efdb5-48c6-4d33-bb4c-87527648ebe7,장우진,Male,4,2021-06-10,경상북도 정선군 서하남로47번길 193
1ffd1fb4-180d-4a3b-af69-37d0ab146ff1,나동현,Male,41,1984-01-15,인천광역시 은평구 정봉길 241
4fbbb03a-41c3-4545-b1df-788a8493c8e5,마예준,Male,25,1999-10-10,대구광역시 강동구 등촌로13바길 144
d4f98e59-e3ea-4c41-98df-d3910b623363,경동수,Male,46,1979-07-03,경상남도 창녕군 월운로66번길 273
d1f51676-8a73-4bf0-bb87-be9cc1a9c97c,나성진,Male,34,1991-02-21,광주광역시 강동구 구지동로40길 64
93e13c81-19c9-40cd-8161-3a61edf6480d,호준우,Male,23,2001-07-18,전라남도 고성군 냇강효자길 202
f622a61e-0aaf-447b-9a4e-0fb066458900,복채윤,Female,19,2005-10-06,전북특별자치도 창원시 마산합포구 익산대로70길 45
8f1d7804-18db-4d1a-9027-edbf32e55429,피정영,Female,37,1987-09-08,충청북도 창원시 마산회원구 해관로 194
85d25219-a7b0-4a99-b6e9-3fe9408cb7d8,강영재,Male,52,1973-02-27,전북특별자치도 진도군 잣밭길 252
0f7242c9-8699-49a3-8114-d4f85bc6cf65,소예림,Female,28,1997-05-07,충청북도 성주군 제암길 104
69403d8d-1f5d-40f0-8303-f4cc8de0df6a,황영진,Male,51,1974-05-20,전북특별자치도 군산시 명림로 141
ef544c34-5d63-4ffa-8a0f-db836121f5ca,감율,Male,2,2022-07-19,경상북도 김포시 갈말로 136
e3ec32c9-47f7-4f4c-9224-9c37b39fd495,서성환,Male,60,1965-03-15,충청남도 진주시 멱절길35번길 196
fe9f252f-6e4f-4d55-98f7-4a3b9d9c404c,추정민,Male,24,2001-06-17,경상남도 인제군 고천덕강길 201
6c8289aa-a31d-4547-b084-17da1eb2008a,방동진,Male,51,1974-01-14,충청북도 제주시 가창로221길 45
73fa6367-2534-4248-9333-95783604450e,방승훈,Male,23,2002-05-14,경상북도 밀양시 장산중앙길 176
d4799fb5-83fc-4a20-91c1-8020d89fee14,함윤우,Male,5,2020-02-12,경기도 예천군 남부로212번길 89
6d13b974-7df1-4b80-abf0-3548b6a3f02b,빙유정,Female,15,2009-11-15,전북특별자치도 광양시 부남로 15
bbcc8a67-06eb-4bf3-a987-204c3464a55d,창지민,Female,7,2017-08-20,경상북도 창원시 마산합포구 원미로164번길 333
edf4a7ff-3d5b-4eea-bfcc-580cc3a496bc,엽윤호,Male,1,2024-01-04,전라남도 양산시 사부동길 48
1e3611c6-5f92-4dd1-a09e-a35fd7f0fad2,임채은,Female,4,2021-05-03,경상남도 천안시 동남구 영실길 159
1c9102ad-933b-40a7-afc7-b55eba90dc42,팽동균,Male,39,1985-12-10,강원특별자치도 양구군 산성대로283번길 20
7f6ac003-8d47-40bf-9298-7fdb848f38ee,나준석,Male,25,2000-02-10,경상남도 평창군 신부길 29
e47693e7-8e4c-4cfb-9cc4-ece66d2792e8,길채린,Female,34,1991-05-19,충청북도 속초시 영선로 78
807aaf6d-0039-4226-85d8-f9a0e835eaea,유예주,Female,35,1990-03-23,경상남도 서귀포시 봉흥길 90
b61a2cca-d34d-4238-955c-50f9380c4bce,풍성준,Male,43,1981-08-02,경상남도 성남시 분당구 동막로 264
b3a5ff86-4039-4d8c-a6bb-ddc65eabf34a,두준영,Male,23,2001-09-19,제주특별자치도 의령군 서운신기길 266
ef8df39d-5ead-49ab-8e71-886d05d08860,도지윤,Female,16,2008-07-04,전라남도 정읍시 가산로 281
a8a24763-fb41-46ae-85bb-9a249b2ba930,백정애,Female,59,1965-12-21,전라남도 순창군 한터길 314
d9c1e2f2-c655-4c04-b2fb-e89a8f24798b,고성재,Male,55,1969-12-25,부산광역시 강서구 안남로489번길 278
34931176-7ebe-4724-8fcf-ab3f2ffdbddf,감윤재,Male,34,1991-05-17,강원특별자치도 포항시 남구 성본산단5로 324
9a119993-b5f7-4d6c-9ea8-ff18ed0d8a07,양지은,Female,28,1996-10-24,경기도 예천군 길곡로 22
cd516035-1b49-4053-9f14-8479bea16233,하민섭,Male,36,1988-11-23,전라남도 화순군 잣밭길 264
3704d88c-3c82-4a65-8875-c92c78fb0013,예성환,Male,55,1969-07-14,경상남도 청주시 상당구 경산로 50
5ce3cfb2-48cd-4611-9aca-deddca70f579,설정미,Female,37,1988-05-18,전북특별자치도 진도군 추암1길 300
54989480-f115-48df-8b44-8d9eeb7ae654,위미경,Female,49,1975-08-21,경상북도 안산시 상록구 비자림로 271
a1da9da4-8027-4f36-befb-8b71abf79c88,안진균,Male,50,1975-02-25,강원특별자치도 용인시 기흥구 구점길 310
f1e4938a-7f3f-444a-8159-81fc074229e7,방예리,Female,25,1999-11-24,광주광역시 동래구 효창원로 190
6d2005f2-3085-493c-9d29-89cfaa96440e,엽민지,Female,26,1998-08-07,부산광역시 양천구 봉선길 227
98b95e88-d3ac-473a-9e36-39d5a81f0cf3,진수정,Female,34,1991-04-23,전라남도 고창군 흑석한강로 109
3c8abb7d-df02-4f8a-8984-c311f15eb6a2,반하민,Male,30,1995-05-22,전라남도 태안군 금봉로 68
d672bd3b-1216-4a8a-be0b-286876d16ce8,피채이,Female,4,2021-03-12,전라남도 영광군 금동길 252
230a2197-d898-4e12-8355-8f8159ce4e07,진영준,Male,24,2001-05-24,인천광역시 동래구 경가천길 117
12004ee5-97d1-4638-8ca8-531e77474a5a,강민재,Male,35,1990-05-25,충청남도 횡성군 우금2길 225
519866a7-ca63-4e13-902a-5ae8ea70d6e4,제서진,Male,32,1993-04-07,경기도 제천시 원터로38번길 111
aff648a5-71a4-444b-9885-52a53c7d16f7,궁정희,Female,60,1965-02-06,강원특별자치도 화순군 율마로 4
244f6041-6bb6-4e85-8673-ee94c330d984,장영서,Female,40,1985-01-21,제주특별자치도 괴산군 차갓길 60
78efac2a-d8d0-4e24-8053-a105f22cdfc0,백미순,Female,48,1977-02-08,부산광역시 사하구 덕유남계로 223
904f87a9-bad4-4a6d-b6c9-0bb55f1a31f8,도태리,Female,13,2011-10-13,제주특별자치도 포항시 남구 상도숭뢰길176번길 27
4af68d52-d674-4e43-9bc3-2dcd7ad23160,여영희,Female,39,1986-05-01,경기도 인제군 성지골길 259
a44f46b7-f25b-48d9-bdf5-61d3702033a1,강민재,Male,28,1996-10-09,경상북도 예산군 대명길 36
33d0bb03-8896-42ff-9645-a63fdac250ae,양진일,Male,40,1985-02-11,충청북도 용인시 처인구 구라길 12
eb732462-404d-47b8-8843-9e95cd66d1a6,기미,Female,36,1989-02-13,전라남도 안산시 단원구 이섭대천로263번길 321
fdb9380a-2957-47c5-a4a7-2ae7337fd7c0,갈지윤,Female,35,1990-07-02,대전광역시 광산구 상가로2길 85
a4fd643d-d40e-4fc4-9237-bd7d5d5ea8e8,봉준서,Male,34,1990-08-28,강원특별자치도 강릉시 서울숲7길 32
3ea7877e-684a-47d4-a8ba-629285a306b6,신예나,Female,16,2009-04-10,경상북도 구리시 금오6길 270
386d280a-e37b-49e8-88a6-75468ed9efd7,설이현,Male,27,1998-05-07,경기도 태백시 갈산로 234
eece3bc9-ad41-4bcb-b42e-5d433fbcb145,기영석,Male,56,1969-05-05,충청북도 예천군 연소1길 107
b1adbcc7-1e8d-42e1-a848-e4aca3622376,라라온,Male,15,2010-02-09,대전광역시 수성구 가야로405번길 110
ce6d5322-072c-4a51-b58a-89ee03c6d1e3,구영민,Male,38,1987-05-28,강원특별자치도 거창군 호국로627번길 71
603229f0-410f-414d-be85-ee8a4756483a,이이안,Male,9,2015-12-01,제주특별자치도 횡성군 월호큰길 3
0f71874e-f703-42ad-a7ec-430d56a38da7,변지안,Female,7,2017-09-28,경상남도 창원시 진해구 금성현서로 277
924bc380-e19c-44ba-b63e-9fcbf3583a8a,옹정리,Female,51,1974-05-20,경상남도 고양시 일산동구 거문이길 22
f8c230d9-de8c-49e1-9c3d-24587274bff7,승진우,Male,11,2014-01-15,대전광역시 마포구 터골1길 261
69ef4ea7-4089-4b19-810d-2715294c8d56,시지한,Male,29,1996-05-11,전라남도 영광군 소내골길 316
cdff25a5-d782-4e08-907b-ea0ee0290eb3,어지율,Female,14,2011-06-25,경기도 영덕군 진조길 337
50172bc3-e9d1-47c6-ba6e-e115c9bedcfc,변영담,Male,61,1963-11-28,제주특별자치도 여주시 개화1길 202
5f695286-254a-4341-8ea9-f9cfee6664df,예채은,Female,12,2013-01-16,전북특별자치도 고령군 양지로46번길 158
ae07ffb6-dc33-4212-9a07-f62a8ad24adc,황혜주,Female,35,1990-04-27,강원특별자치도 함안군 오산로212번길 87
6207da07-66f8-4ed5-a62a-7495219b9de0,김은란,Female,41,1983-10-26,부산광역시 강남구 여암1길 175
a4be961c-a2f7-4ada-a148-02739d6ca10c,변지원,Female,13,2012-04-12,광주광역시 영등포구 꽃우물1길 222
1b91f3c2-6d9d-452c-8e85-fc66c136d674,현현서,Female,12,2012-08-07,충청북도 함평군 신내역로1길 329
ef6558d3-9ba5-41a6-9b0e-68da60e1f4da,인채이,Female,7,2017-11-20,광주광역시 남구 가조가야로 86
0578fbaa-71d8-4587-ad5b-73d6e9d93635,구영재,Male,59,1966-04-27,울산광역시 강서구 푸른들판로 148
0c551638-05f0-4333-a057-cb586df52f30,갈수정,Female,31,1994-05-01,경기도 남양주시 좌동로 333
0fd3f84a-20a9-45a1-a5d1-e12245d2fae9,하정라,Female,41,1983-11-01,경기도 창녕군 3공단3로 208
0945339b-acde-47f6-b080-4f8d95c3b0f4,소이안,Male,8,2016-07-27,전라남도 옹진군 종가20길 185
01fc4aa5-35c2-448c-9e74-26c1d31bbd2a,가동섭,Male,48,1977-02-11,충청남도 횡성군 하촌로96번길 18
b054fd3f-39e5-4816-ac25-8911f63a327f,류루아,Female,15,2010-01-25,충청북도 순창군 중앙1길 79
58d4efb8-e56d-4aaa-94b2-9acfc8a68b18,선우영진,Male,62,1963-05-03,충청북도 나주시 동계로 35
017a1e4a-5dc2-457d-9a67-fcaf897e5540,황보동식,Male,54,1971-05-26,충청남도 순천시 외솔배기길 317
02f1ece3-78aa-468d-b1b4-505d0b026404,예윤아,Female,23,2001-10-17,전라남도 천안시 서북구 카이저길 130
e2eb0f40-5144-4467-a435-d328bd4039ed,권동진,Male,53,1971-11-27,경상남도 과천시 용잠로 80
8d492e0a-b07f-4a41-8b1c-c98f5b2970ef,상재이,Male,0,2024-09-04,전북특별자치도 구미시 토당로67번길 167
93cdef9c-100b-4ffd-b95a-a3ac7c548394,설서현,Female,32,1992-12-27,제주특별자치도 장흥군 엄소속골길 180
16598079-c12a-4b82-9bda-487c0851a310,반라온,Male,4,2020-07-27,전북특별자치도 안산시 상록구 하남산단3길 130
8a9438ea-b3be-42ad-adff-81cc1db5b9e9,은영란,Female,50,1974-07-07,전라남도 포천시 삼달로 173
f2b50531-0565-4c5e-b1c7-22825cc89d85,연진근,Male,58,1966-10-19,강원특별자치도 순창군 지더블유산업로 310
b16c46a9-aa9c-40f7-ac66-61ea03a9af25,안다솔,Female,29,1996-01-12,전북특별자치도 제천시 춘포로 141
4b892ca8-c7a4-4d6d-b8f9-efd8f01440d6,사민성,Male,22,2003-06-23,충청북도 옥천군 월포길 287
ce561dd0-4f62-488b-a2f2-75a94bb49a03,변정국,Male,40,1984-12-25,충청북도 밀양시 약령시로 203
cc9991a0-2a50-4e54-80e4-51b8f4d003ef,원성준,Male,16,2009-04-06,경상북도 해남군 서해대로494번길 34
bae6461b-30aa-402d-a79e-b4ef6653f482,제갈수민,Male,29,1996-05-24,충청남도 영월군 장천5길 109
0541ed4a-6a31-40ea-9f7d-662d05899e2f,견정람,Female,46,1979-05-21,대전광역시 동래구 화전로38번가길 13
4b6e5d53-71ed-4697-a2b9-0084bd0f33b9,강미애,Female,56,1968-08-04,경상북도 제천시 장대문길 215
cf04e28d-1a2c-41c1-96f3-6dcb65226773,하영석,Male,40,1984-11-01,울산광역시 달서구 동항로106번가길 14
3b838789-dbfe-400f-a4b5-dc667eca1214,도서우,Male,11,2013-09-21,대구광역시 강남구 비아이티산단2로 97
ec558bbd-2da8-462c-b84a-e86c404661dd,탁은정,Female,50,1974-12-25,전북특별자치도 고흥군 다문화1길 164
7cbdcc2b-783f-4dee-8077-d8e46ae11273,부미림,Female,45,1980-06-15,강원특별자치도 완도군 남천안길 295
5f4d2abc-4860-414b-b2d0-ad0268e3e53a,선우영자,Female,50,1974-12-18,전북특별자치도 하남시 온천강변1길 227
efe508c1-2357-42ba-825e-92a5393f8c08,선은림,Female,43,1981-07-04,대구광역시 미추홀구 만의골로 175
a6b42817-05e9-4432-a77c-b2a4902325a6,동유나,Female,30,1995-04-18,충청북도 무주군 완도로 241
72076ea0-5cc1-4d03-8ffa-22fa5ac630cb,승미란,Female,43,1982-02-27,제주특별자치도 기장군 옥동로 171
25ce5b04-749d-4762-8a9a-138513fc1030,가서연,Female,17,2007-12-18,세종특별자치시 노원구 파로호로2번길 347
6a8a3e3e-0ccb-429d-ba7a-f44c81fbe6d9,유도영,Male,30,1995-05-06,전북특별자치도 여수시 옥순봉로 89
4486548e-0f33-476f-8f09-d855c5c40c42,간철환,Male,60,1964-09-27,경상북도 수원시 팔달구 성장로 205
d0b078d7-43db-4cf6-a914-350018abe141,엄성현,Male,23,2002-05-10,제주특별자치도 포항시 북구 머들개미길 63
3c5fa190-949a-4a89-9c8e-54051b0cbbd0,간수빈,Female,9,2015-07-18,제주특별자치도 부여군 덕촌함정길 306
0dff9cd0-4791-4cbb-b041-93895a2ed807,공예서,Female,6,2019-03-19,경상남도 함평군 월앙길 64
15542968-528c-4e56-b97e-a38f269ad464,우진하,Male,50,1975-06-07,강원특별자치도 강릉시 동해안로 132
d5fc6fdb-2f86-4dc5-a864-f22f02178980,염영숙,Female,62,1962-09-24,경상남도 울릉군 중동2로 38
d30dde67-eec1-4573-9718-8f4601eb41b4,권서연,Female,14,2010-08-26,충청북도 청도군 봉산2길 84
306e8ba6-f3a2-4932-a560-b01341efc77e,진지완,Male,7,2018-02-18,대전광역시 강동구 입석로 40
8d419b87-a2e8-4142-9942-8d9c88baf488,류미주,Female,36,1989-06-23,전라남도 전주시 덕진구 옥서북길 14
06b5aa74-4349-4a08-ae8a-6dddf2316d7b,봉서린,Female,27,1997-07-10,강원특별자치도 창원시 의창구 서낭길 322
1ee2ae94-898c-4310-896c-b3ea53a0399e,단동하,Male,49,1976-06-08,경상북도 김천시 안다방1길 163
2b866e36-f986-406a-a581-b11c6776e4b1,감윤지,Female,30,1995-03-05,대구광역시 미추홀구 어인로 154
b133a6ad-fa70-4b8a-aa0f-ceb58cf4d68b,가예진,Female,19,2006-01-05,강원특별자치도 포천시 기세미길167번길 309
d453c141-dc53-4afe-b261-f8e209d6ad3c,배지온,Female,5,2019-08-25,세종특별자치시 부평구 청학동길 111
b13b0ecd-a846-409b-a75c-e173c507bc9e,엄서영,Female,29,1996-02-11,강원특별자치도 고흥군 교방동18길 21
58fce69a-75cf-49a0-b0dc-0b83e4eff914,창정식,Male,37,1987-07-25,대구광역시 북구 남부순환로347길 113
8a83319c-4018-4c1e-80f7-744a72305884,노유진,Female,3,2021-08-25,전라남도 거제시 관평4길 306
e4ad3537-6bac-4624-8684-d9f27d1afbfe,장윤서,Female,32,1992-08-04,전라남도 여수시 무산3길 187
e119cbde-cfe8-47bb-b737-d740de76b49e,소철상,Male,63,1962-06-25,경기도 평창군 사가정로5길 282
1c5a0b7a-b830-49df-901b-a4cfded4ea91,나미혜,Female,40,1985-06-11,제주특별자치도 청송군 택내길 182
74ce9877-7a19-47a3-b1d3-08b76b44355a,권예지,Female,11,2014-05-08,경상남도 남원시 남악로250번길 345
2f7801ac-d584-4689-8237-105d910da619,변유하,Female,12,2013-05-12,충청북도 전주시 완산구 윗전대길 289
b388a966-fce2-42ca-98bc-c6e97d0739d3,지태현,Male,28,1996-11-18,충청북도 부안군 소개무골길 221
ab391113-0f88-4877-a8c7-ac55cb0b812d,승은영,Female,42,1983-02-03,전라남도 김포시 금성로247번길 200
a0ae06fa-d0f4-456f-ad92-bae353fe4d26,감지한,Male,10,2015-02-04,제주특별자치도 울주군 장한로2길 31
199ab673-2f75-4857-8141-717777bd12d1,아연우,Male,13,2012-02-21,충청남도 보성군 서대구로7길 167
410e556e-4bfa-4c83-9ff8-f17d8c66fd32,지윤서,Female,3,2021-08-03,경상북도 봉화군 종림길 325
bb6b3ce8-4053-4040-950a-17bff21229d5,당다윤,Female,3,2022-02-20,경기도 임실군 금곡6길 318
2ee28582-8abe-4d3e-a8f9-badc4fb77d59,주수연,Female,26,1999-06-25,충청북도 산청군 항공대학로 69
73d85e8b-7c03-4a22-88a2-b6a62fbf61f8,시태민,Male,19,2005-11-27,경상남도 정선군 동일로140길 198
506933c9-ea5a-489e-9a38-049f0214334b,조도현,Male,15,2010-01-16,대전광역시 수성구 가산로96번길 27
1ac42c21-8c81-40fa-ac25-3c9e023fe6ca,임선숙,Female,56,1969-05-18,강원특별자치도 영덕군 덕촌길 85
8660f30b-1c43-4004-938e-afc346c31ff1,풍승현,Male,34,1990-12-06,경기도 남원시 큰돌곡길 28
cc892a3a-12c1-4a4d-a09a-01f1167473a2,당승민,Male,14,2010-12-28,경상북도 청주시 서원구 다문화1길 89
2f46ffae-eec5-49f0-be40-40b2ffc7919c,은재현,Male,17,2008-03-25,충청남도 속초시 토성길 294
eaa64dca-35ff-43a0-bc74-2ea74166ccba,경혜원,Female,26,1999-05-13,충청남도 증평군 몽환신화길 28
8af811da-85bd-453d-9794-756576ff9302,전영순,Female,42,1983-03-09,울산광역시 성동구 멀미길 176
e7b2cadc-4ddb-488e-a855-fd081ca4daa1,옥진일,Male,40,1984-07-12,울산광역시 수영구 내북산외로 302
f6bc23bd-b246-4200-962f-45a48d86ef7d,탁민지,Female,15,2009-07-24,강원특별자치도 청주시 흥덕구 홍은중앙로 33
b07bd5ed-95ab-41bd-84f8-4bb3ca688ee3,마미주,Female,39,1985-08-26,강원특별자치도 홍성군 적금로 219
ab491768-d067-4064-9220-11feeec6217b,신하온,Female,11,2013-08-02,제주특별자치도 수원시 팔달구 방화동길 339
68a4a292-7e90-485e-97e9-972c78a05f0d,주예진,Female,16,2009-06-24,경상남도 고성군 청북중앙로 259
613fd6a3-71e2-4fed-9a96-2512196ba8f3,석준호,Male,19,2006-01-20,전북특별자치도 증평군 용유서로 123
76763573-cea3-4b26-9468-1f28057d54e3,견설,Female,3,2022-04-14,세종특별자치시 성동구 금당로 342
443aee08-ef1f-4dad-943b-2ef3b05a09a5,장예림,Female,28,1996-10-26,서울특별시 부평구 문산4길 113
e5f131a7-855a-4519-a9f2-c66d37b9a224,소지현,Female,29,1995-07-18,경상북도 당진시 서전로 202
04177761-1588-4b75-ad8d-477571d2597f,우영롬,Female,47,1978-01-22,전라남도 하남시 구룡판길 86
05f7268e-74b1-431a-ad47-36138039d389,판영준,Male,23,2001-11-08,전북특별자치도 논산시 유천2길 89
c03a01fd-b7c3-4725-a3c3-9286c69bf34a,동진재,Male,60,1964-12-02,충청남도 횡성군 차갓길 43
f82e9c3d-2621-4861-882a-03972fb98852,장진정,Male,56,1969-03-17,강원특별자치도 옥천군 선소길 254
403ddbdf-12ee-40ad-9128-df2d990b0ecb,목영담,Male,64,1961-05-12,대구광역시 강서구 주인전원길 28
ceb6f9a9-0341-4963-a891-841a2bdc5ec4,사공이찬,Male,2,2023-05-10,경상남도 영광군 순환대로 185
3e7991b3-150d-4235-a245-dc7b69bd01f5,인소민,Female,10,2014-12-16,제주특별자치도 포항시 북구 안요골길82번길 85
7765603f-63d9-4bf1-a28a-3d4c565d36b1,윤민식,Male,45,1980-06-01,광주광역시 연제구 신천2길 234
14c8723d-53ab-4bd1-91d6-59adbda02379,주다현,Female,18,2007-05-25,충청남도 청주시 서원구 충청대로238번길 275
831a6073-1452-4434-aa49-129ebe9526e1,예영라,Female,48,1977-01-18,전북특별자치도 용인시 수지구 남면로202번길 5
57460f12-9072-4e0f-b230-8fa92d6eb570,양건우,Male,21,2003-10-28,경기도 포천시 비봉로 315
aca0483d-21bc-45ee-b70b-c0b982a1c4d1,시서하,Female,7,2018-03-17,경기도 의령군 낙동대로 257
9a5f7d15-f801-41dc-aa33-17659fed4123,형영주,Male,58,1966-09-24,경기도 충주시 왕방로118번길 136
95dd8d9b-652a-42b6-9ff4-1323674b006b,평다영,Female,34,1990-10-08,경기도 남양주시 간척월명로 146
aa628678-e0f2-466c-869e-d72f4605e043,독고유찬,Male,33,1991-08-15,충청북도 통영시 개화1길 211
2d37f4ee-35b6-4f51-9381-fd8856fbe2c0,함미리,Female,49,1976-01-23,경기도 원주시 삼봉8로 324
04a12863-7191-4cf1-912a-bd594daf5295,전설아,Female,4,2020-12-20,제주특별자치도 울릉군 동월2길 188
cbba6e8c-5139-40f6-a2b1-07b1fb3d1bb8,예예린,Female,28,1996-12-07,경상남도 서천군 신소양1길 127
cc24b434-51f3-42c5-a2b7-7cd5e015eadb,시이현,Male,1,2024-02-15,경기도 영동군 마륵벽진길 22
4bc16db9-8be1-4f1a-b726-d257cc9bda01,전하연,Female,20,2004-07-06,충청북도 의정부시 대황강로 346
29b3bb63-a66f-464a-8e8b-a3ecb4019b07,주채린,Female,29,1996-05-23,충청남도 성주군 평월1길 176
2159953a-e9c6-40e3-96e4-4dc040b5f5d6,연영애,Female,62,1962-12-04,경상북도 서천군 길성길 45
50121309-9a7c-4955-a445-31b9fa4c3f8c,최도훈,Male,26,1998-07-21,전라남도 의왕시 구좌해안로 113
5b81c51b-50c7-48ad-a9d9-70170e8cce20,하명선,Female,56,1968-09-08,경상북도 청주시 상당구 입북로57번길 137
b3df7dc2-2ff8-4f0d-b55d-fb3442ed27bc,승승민,Male,9,2016-02-06,경상북도 포항시 남구 쇠재2길 266
65f3de46-f4ca-4082-adfb-c79a18ea5a99,목영환,Male,41,1984-02-18,강원특별자치도 안산시 상록구 봉덕2길 4
a7008a2d-d058-48f8-a7ef-61d52cac9a2c,고미진,Female,52,1973-03-21,충청남도 김포시 유점지촌길 235
04e0c7a9-ba64-4a5d-b30e-5b8eeac4ec65,민은정,Female,37,1988-02-16,광주광역시 유성구 반월3길 99
09dbfe30-ce27-4208-be2f-07cd4ec0b87f,하영희,Female,42,1982-12-10,울산광역시 동구 초사로 132
3935d207-ed0f-434e-a7c9-d3080fb52b6d,선성훈,Male,41,1984-04-11,제주특별자치도 울릉군 수산중앙로 88
8fbbd97b-19a9-4cb1-93a6-87921ae1d8e9,성율,Male,2,2023-06-20,세종특별자치시 도봉구 모항항길 244
0d350401-86a8-42d5-8b9b-0983bbaef7ea,판경숙,Female,56,1968-12-24,충청북도 청주시 흥덕구 청궁안뜰길 308
8df27e97-23fc-463d-a02d-bd5b46fa5cce,심영수,Male,63,1962-06-16,대구광역시 수성구 원효로161길 309
61cb2339-e826-4919-912e-e7faff64d759,견이안,Male,8,2017-05-02,제주특별자치도 여주시 탐진강동쪽자전거길 320
c5edadbb-babc-4457-8aed-0ca25f11e8fc,국예지,Female,15,2010-06-27,경상북도 익산시 자울길 252
011c5cca-e5d3-47cc-92a8-53f4b7531053,강규리,Female,19,2006-01-15,강원특별자치도 성주군 도탄2길 207
f6b5ac68-1925-4084-8a7b-981cc235358a,장지수,Female,2,2022-08-06,대구광역시 수성구 백자전2길 107
5535909d-5739-4413-82b2-0d0980df220b,장영국,Male,37,1988-06-07,전라남도 창원시 진해구 갈밭숫골길 67
00895672-b75e-4bcd-bdba-497de6a7c1fa,장민정,Female,28,1997-05-09,경상북도 광명시 북송길 296
d6c3ae37-dfa5-463b-b9ad-5b640eb314e5,두윤,Male,12,2012-12-01,충청남도 용인시 수지구 중부로 337
763edfd7-440a-4b26-834b-52d333a5f6f7,노영진,Male,62,1963-06-20,서울특별시 광산구 상명4길 272
d6807d8e-bf1d-4130-a47f-f5eff7dbcc42,궁철정,Male,62,1963-02-24,충청남도 창원시 성산구 용답1길 144
8c8e1300-5bc0-4dd5-b873-c0017e9267c4,부이준,Male,14,2010-08-20,경상남도 진도군 정안마곡사로 216
a2a625b3-72a3-45a4-a0b7-fb197044f168,선우재현,Male,18,2006-07-11,대구광역시 관악구 만리산길 75
94402b4f-0056-4f4c-8bac-d4f9098aeb65,변철주,Male,56,1968-10-07,인천광역시 은평구 박곡길 283
7231ff4b-9d30-4efd-bd15-dac21f9e3a19,마예은,Female,26,1999-02-05,경상북도 해남군 갈운큰골길 143
76e22308-de20-4eae-bbda-0766d2ed25e9,정승민,Male,20,2005-01-07,충청남도 충주시 증도중앙길 234
687cda79-83df-4495-96b8-b68c5e6e8ea9,진정연,Female,35,1989-09-14,광주광역시 도봉구 안성대로 23
fa5ff879-ae6d-493c-b93c-c8ee56304ae0,경순자,Female,62,1962-09-16,서울특별시 연제구 가장실길 326
6038a1f3-a8e5-4c8f-934e-0b7f0a8a6627,구영연,Female,62,1962-10-23,경상남도 경산시 여의대방로45길 234
65966f9a-3179-4a0a-a84e-44b650770037,제갈연우,Male,4,2020-07-24,경기도 괴산군 신두로 142
242ccb14-0f22-479e-ae86-68d45a30213d,지수빈,Female,29,1995-07-15,전북특별자치도 단양군 남정2길 62
7bd4b4fa-6b19-44f6-ac52-64a81722eb16,정정서,Female,45,1980-02-18,전라남도 영광군 놋종골길 112
ac767dac-4789-4433-9309-2cc6c77700be,진태훈,Male,23,2001-11-13,강원특별자치도 진천군 진조길 320
d34cb2a3-b5b8-457d-89a9-496a27eb0f0d,장영진,Male,40,1984-10-16,제주특별자치도 포천시 청담길 232
fbe16470-46d6-407f-82ae-035ece4ddf40,권준영,Male,35,1990-04-23,충청남도 합천군 세화서길 224
b1f03b7e-fd07-42bf-a37e-7364c7c30c89,진은정,Female,41,1983-07-14,충청북도 영덕군 낙섬중로 91
d0039d77-75f1-4c2d-b002-8c6f08e0b17a,민은진,Female,43,1982-03-25,전라남도 신안군 점촌3길 50
77c07f65-7f8f-4dc7-911e-832a6180cf27,기민준,Male,7,2018-01-16,경기도 고양시 일산동구 월산로 19
a635aa04-6474-4b89-b27e-eed2adb10cf2,신주연,Female,17,2007-12-11,경기도 곡성군 농공단지2길 63
cd96c199-a347-42c1-acdd-2673f7a84e3e,빙성환,Male,61,1964-05-05,경상남도 거제시 덕적남로850번길 176
d0fca239-1db1-4368-9284-87e3f0f702d0,정영근,Male,40,1985-04-14,강원특별자치도 성주군 대황길 112
53d103a9-a492-44f6-b588-00b573b3c258,소시율,Male,5,2019-12-22,서울특별시 미추홀구 하산2길 244
f7a57cec-2d73-40c1-aec9-88675add572d,사공진우,Male,49,1975-10-24,경상북도 나주시 두어남길 94
6a92ebf6-34b5-471b-a73c-77ba043bb5e2,계영식,Male,54,1970-10-26,부산광역시 중구 도척로521번길 156
ccad9446-c53f-4c28-b1ae-4c7acc15312a,간동하,Male,52,1973-05-09,경상북도 양양군 수레실길 232
4fc17852-4f5f-405d-ae0a-5cf80d9985f0,변소민,Female,14,2010-11-08,경상남도 안성시 방화동길 37
0287e073-d18f-47b2-b0af-528de5740e6c,마예원,Female,19,2005-11-15,경상북도 정읍시 강청3길 260
0ae7a169-ebc1-4e01-9005-b3a3fc7733fa,판진균,Male,36,1988-09-08,경상북도 광주시 납읍동2길 243
ec4d9c33-777f-48be-b7de-b0ec29fc1056,황채린,Female,12,2013-03-28,제주특별자치도 완도군 망양정로 70
833052b6-b728-48a6-bccf-b303d0530245,형준,Male,13,2012-04-16,제주특별자치도 예산군 화제로 136
997dbdaf-7b5d-4697-a3ec-e5c91c9a57f0,호도하,Male,35,1990-01-10,전라남도 용인시 처인구 문진로 12
06758eb4-a2ca-4390-a969-8c488a88f7cf,설시현,Male,17,2007-12-01,충청북도 영암군 대곶서로159번길 100
6f89571d-a9e6-4337-9280-47681e5870de,마지은,Female,34,1990-11-05,강원특별자치도 성남시 중원구 망운로30번길 137
fa2a1ccb-deeb-4593-a8e1-6d0b1cde9c53,도예지,Female,7,2017-08-10,경기도 영주시 서부로1541번길 97
4de1e5bf-3358-4680-b3f3-236fa6ff2f6d,내영순,Female,44,1981-05-23,세종특별자치시 중구 아랫상리길 206
d7d897ab-2697-4354-8c7d-a090a5f8fbe6,황보영진,Male,49,1976-05-04,제주특별자치도 동두천시 올림픽로 297
70ccb183-5c16-4362-ab5e-98078ecf1bc6,어지호,Male,33,1992-06-04,경상남도 영월군 천주로972번길 346
a6ad72c8-744e-43da-9069-781c85caa979,서문지민,Female,25,2000-05-26,전북특별자치도 충주시 상범길 315
74648d46-09da-497c-8c53-65ef79fee8dc,홍미경,Female,47,1977-11-09,강원특별자치도 시흥시 화천4길 160
1c05f437-c7f9-4687-a7ad-537151c20cfd,여윤서,Female,12,2012-12-03,충청남도 거창군 주흘로 48
630c774d-29f8-4d77-89a0-5005235c42c7,단태민,Male,30,1994-11-13,전북특별자치도 청주시 서원구 평중길 47
2237e071-9e46-415b-a284-3179cdef0d2a,하성재,Male,41,1984-05-19,충청북도 시흥시 양령2길 135
675dcd61-de1d-47ab-b6e7-39c4ce57878f,상민성,Male,12,2012-10-12,전북특별자치도 횡성군 청능대로289번길 45
52632f78-b9cc-4843-93b7-ce8eecebcd1c,조아준,Male,2,2022-07-21,충청남도 의성군 대구대길 34
e984de6f-e74f-462b-9fea-e546ebda2b50,유미,Female,39,1986-02-05,충청남도 수원시 권선구 도원로 18
2efa8e90-d8e6-4666-9602-d307d4edbbea,원유안,Male,13,2011-10-26,경기도 제주시 토성로17길 329
2032680a-a31b-405c-9a71-2762dbc7410d,동미희,Female,35,1989-12-18,경상남도 영천시 번영로 212
185c58d4-d18e-4f01-b77e-6a7786840fe3,유진근,Male,46,1979-01-20,경기도 포항시 북구 동피랑길 177
b9169481-4ba6-4933-8034-864bd7ecafdc,신서우,Female,4,2020-11-22,광주광역시 서초구 해수길 91
541896fe-00d0-4d5f-bd1e-7d1e2e03879b,권민찬,Male,8,2017-04-25,전라남도 동두천시 사동길 226
b012edda-67a8-41f5-8b2d-9a8f0001b948,어진식,Male,53,1971-07-12,충청남도 경산시 삼양길 150
2efe4932-c69c-4f55-a27c-8857b5af6915,모동수,Male,51,1974-02-01,경상남도 태백시 상송길 161
541ddaba-d43d-4561-bd22-384b5dae7103,곽태양,Male,14,2011-03-21,경상북도 부천시 원미구 구라2길 323
9623ed17-beb7-4777-bc51-d1e1a63a400b,유태이,Male,0,2024-08-19,전라남도 하동군 현풍중앙로 340
77031af3-4599-4bba-9c89-ca2733e92bad,장서후,Male,6,2018-10-11,경상남도 부천시 오정구 천동안길 250
8d7a8329-ce7b-4c94-a041-b8ba6e9603b1,편지영,Female,32,1992-12-28,전북특별자치도 합천군 둔둔정승골길 298
a09bc5d6-007f-4243-9519-4234905acfb6,여은채,Female,12,2013-03-22,대구광역시 동작구 청창로 25
a402ba3a-3051-4ed5-871f-abe13711462b,유진주,Male,40,1984-11-11,광주광역시 동작구 대청북로105번길 248
b380c644-b8b1-4625-accb-aacedce6d03e,호동현,Male,21,2003-12-21,전북특별자치도 오산시 중앙대로46길 7
a52ea53d-ec98-417d-bc28-b1b36705f724,풍태윤,Male,20,2005-04-23,경상북도 완도군 성치길 113
7fa45613-3f82-45ab-9233-9298451960ce,엄시현,Male,14,2011-06-19,충청북도 광주시 망정2길 273
16d3dac6-c30a-4999-affd-ec698da9badf,진서윤,Female,12,2012-10-01,경상북도 서천군 기두5길 124
e41f38bc-8900-4e90-b656-83c9de950506,장지환,Male,5,2019-07-07,전라남도 해남군 교동동로122번길 197
9674f766-b789-44fe-b2d1-f85202ead6ec,화유현,Male,4,2021-06-06,경상남도 산청군 해원로 30
99fa27e4-6d3c-48ad-b8c8-2a96858498a3,노성석,Male,43,1982-02-17,경기도 구미시 사월길 152
cd5fe908-235c-4177-9a25-5abe35dbd9f3,장윤재,Male,27,1997-07-20,충청남도 목포시 마장로 98
cd638b07-6019-4dae-9a46-c5e097f0dbb7,임지훈,Male,45,1980-01-15,충청남도 정선군 삼매반곡길 25
38c76ab3-54e7-4ef0-960a-58a74a3cb3d3,소혜진,Female,26,1998-11-27,경상북도 영덕군 강남대로 172
8b4b77f1-b2a5-4157-a169-8e9c74eb6c33,남가연,Female,20,2005-02-16,강원특별자치도 통영시 수궁서당길 147
ef1bba9b-04a8-4683-916f-fdb8db4d596d,김영람,Female,53,1972-06-25,제주특별자치도 영동군 골든루트로66번길 157
dfd1de46-735e-45c6-8437-cf8172ded3de,임정숙,Female,42,1983-04-27,경상남도 포항시 남구 대곶남로513번길 340
99bc669a-a619-4241-a60e-d34fd0a0e820,은지호,Male,2,2023-06-12,세종특별자치시 부평구 기아자동차로 57
a85e1fc6-b244-4020-9a48-2d692c3d1fbe,옥사랑,Female,8,2016-12-17,경기도 진안군 동남로109번길 25
a8869299-90b8-47e3-bb8e-d4cf648c08d2,천민주,Female,30,1994-08-21,경상남도 기장군 쪽구름5길 175
54a39236-dbef-44f7-8b4d-b4c8e0197cd3,유연우,Male,19,2006-04-22,제주특별자치도 의정부시 거평웃골길 294
2a5df234-52b8-43a4-a04c-8797d192b9f8,용태현,Male,23,2002-04-17,경상북도 창원시 성산구 태왕2로 68
2a3b3c7b-0858-4775-adea-5991f89f2de7,소혜자,Female,57,1968-01-13,전라남도 하동군 부마로 282
f4782e5f-57ae-458d-9a17-5d0d4fc5958d,시지윤,Female,10,2014-08-20,전북특별자치도 성남시 분당구 가마골길 64
9df780a0-4fd8-48bf-914a-dd1a02d28edd,풍준우,Male,19,2005-09-17,충청남도 화성시 송마로52번길 295
b187481b-a662-46d0-bf75-014f42c81b0b,제갈지아,Female,20,2005-01-21,경기도 부천시 오정구 부평정자로 201
c5ea5813-c685-4b3b-a035-8c7f2e637a39,남영서,Female,44,1981-02-10,경기도 장흥군 이태원로 212
03474de0-df80-41b6-b243-dae19971f1c3,견은진,Female,34,1990-12-25,전북특별자치도 군산시 충예로 31
e3c63232-b579-4b4e-954c-4b66cd258b69,범소현,Female,20,2004-09-25,세종특별자치시 도봉구 길성길 253
5145296f-ac75-47da-ae5a-60a664659438,견진주,Male,43,1982-03-08,경상남도 용인시 기흥구 애월원당길 132
e09f41f1-8559-43b0-a815-837e0cfe86cd,신재영,Male,20,2005-06-20,부산광역시 유성구 두왕로78번길 138
60fc3206-4fb5-4b67-ba0d-17c602359a73,주미진,Female,55,1970-03-03,대전광역시 영도구 뇌곡길 164
a4c8a2e6-a0a3-428f-bfb5-5081abb4899c,선지은,Female,39,1985-07-27,전북특별자치도 고양시 일산동구 엄광로384번길 79
78ffd78a-f4ef-4f9f-95bb-08b9c4da53f2,노성재,Male,52,1972-09-06,충청북도 김천시 신덕계5길 103
0196a457-ac2b-4aec-911e-d58cbac202ab,공선미,Female,28,1996-09-15,강원특별자치도 진안군 호남철로 7
b178b8be-f92b-4517-85ef-0b480d53cf2f,서하율,Male,31,1994-03-08,경상남도 영덕군 역삼로33길 164
b5437ccf-9cd9-4c3f-bd4f-08b86b889389,형소윤,Female,13,2011-07-26,전북특별자치도 영양군 장대2길 149
04e3f3fc-b0ed-4733-99d2-5a3063449f89,동이안,Male,33,1991-09-07,경상남도 진안군 과천대로12다길 190
341a5a74-cf92-464d-aaed-d2463f228dee,도예빈,Female,34,1990-08-28,충청남도 원주시 영등포로46길 3
18be159f-3846-4065-becb-d5387fc5b039,길정균,Male,44,1980-10-09,제주특별자치도 영동군 노실길 67
8b403532-0183-4aa3-a7b8-069af8192059,지시온,Female,9,2016-06-02,경기도 단양군 월미로242번길 263
55b1d138-28f4-4cb7-b59a-6b0181ce5404,아민석,Male,36,1989-05-20,경상북도 충주시 동산광덕길 333
fb131f04-87f8-4a6b-b2cb-9fb08d8654f1,장영순,Female,53,1972-06-11,충청남도 보령시 세종로517번길 84
fd8e5b59-d0d2-4bdc-9219-8cdcbb0094d5,용철하,Male,61,1963-12-02,충청남도 김천시 역삼로 57
3e40290b-9044-40de-ae65-e6b80838d770,권예림,Female,28,1997-02-24,전라남도 아산시 백장로 214
ad8a58f0-3435-460c-ba9c-bf18b5315694,계민섭,Male,46,1979-04-16,경상남도 강진군 들둔길 28
3c4a4f2d-e7f5-4cab-963e-ebdcd251db38,신동주,Male,49,1975-09-01,경상남도 창원시 마산합포구 정문길 32
4be92fd2-3a40-4b31-9268-b19238de106a,마영진,Male,44,1981-05-03,서울특별시 북구 수산중앙로 180
23f087c8-ce3e-47c2-b291-858c126f4dd7,유성민,Male,45,1980-01-21,전북특별자치도 익산시 도내3길 102
199915e4-effa-4b9e-bc47-949506a1d5d8,유영자,Female,56,1968-07-20,세종특별자치시 송파구 숭산1길 183
4487d438-aeb9-4cf7-bcc4-7e73a941420a,내지환,Male,23,2001-08-02,경상북도 군위군 갈기산로 129
a52db853-f039-47f7-8fa3-3af7e6f66134,윤서인,Female,31,1993-12-02,경기도 성남시 중원구 낙수당2길 315
889f676c-dca1-4a47-9f0d-0b63c847c984,마민재,Male,18,2006-11-25,제주특별자치도 달성군 서해안로1685번길 15
ff9efc53-e912-4bc3-a33a-9e4ce056d764,라한결,Male,15,2010-01-22,전라남도 포항시 북구 김포대로1473번길 134
e655ae18-8ca6-4a80-8190-01def0bbedb5,염민준,Male,19,2006-01-24,전북특별자치도 김해시 보국문로16길 149
712b53b3-d84e-484d-8b52-fe082cf7d8f9,예가현,Female,18,2007-07-03,광주광역시 남구 명곡지구로 42
da4c7718-06c2-43dc-aaa7-67c5b1cef7d9,빈진식,Male,55,1969-08-18,전라남도 괴산군 중괴1길 240
ed3fc9b1-a069-451f-923a-680b35626aae,배민수,Male,17,2007-07-27,충청북도 포항시 남구 심산로 167
bceac590-ca0d-4649-9d32-d6ad523ead7b,양미순,Female,49,1975-09-14,경기도 광명시 항곡2길 287
c570514c-8cb0-4a65-9649-a9d4329cad3e,홍한결,Male,29,1996-05-15,전라남도 광주시 과학나래5길 49
ff0b5349-0ee7-4d41-8e8b-082a385eb097,방정균,Male,51,1974-06-09,제주특별자치도 금산군 이문길 186
fdcbad74-0ef8-46f3-ba84-12d44c290638,대연우,Female,7,2017-12-06,경상북도 천안시 서북구 소담2로 151
017a168f-b2d2-480f-87e0-ba1a99a9e397,전영식,Male,61,1963-08-07,충청남도 양양군 금호자원길 27
df663a7a-c179-4920-9e09-7695fbb7a93e,석서희,Female,30,1995-01-25,인천광역시 강북구 가창로 88
7a23382b-cded-4be8-ab59-56d86e331683,설유하,Female,14,2011-03-22,울산광역시 연제구 제물량로335번길 27
a57e04cd-e7db-45a5-92a3-7f0babf3ce24,설명숙,Female,56,1968-08-11,충청북도 의령군 번덕4길 344
712337cd-19d8-4277-89dc-eb12ce5450c0,마재현,Male,27,1997-11-26,전북특별자치도 남양주시 사월길 296
e35cff04-79b1-4b8a-9e1c-b70ba8d416f3,성영숙,Female,49,1975-11-27,강원특별자치도 제천시 첨단산업로 231
50ad60d7-93a2-44f8-bd45-de1766f3d0a3,배영은,Female,54,1970-09-16,강원특별자치도 임실군 오류동길 47
d1c2232f-8aa5-4ca7-a42e-92f4595264fc,배미,Female,40,1985-04-16,제주특별자치도 고령군 원설로 212
6424c542-702f-4142-825b-85bb8fa0782c,상시아,Female,3,2021-10-20,충청북도 논산시 백련산로 181
476ee90d-e21f-40b2-8f7e-a59868f713b3,권이준,Male,7,2018-01-16,제주특별자치도 태백시 삼칠로 204
1047a9d9-4e9a-4482-8b1a-1f32c7df0f31,임성균,Male,40,1984-11-21,인천광역시 서초구 옛강일길38번길 26
0b998a2f-7fec-4e1a-981f-53df6ac1e4ab,변준우,Male,0,2024-11-10,경상북도 제천시 화천로 195
ea4d97d5-d30a-434e-a2a6-228c48fd8ea2,박은영,Female,40,1984-11-12,전라남도 고양시 덕양구 적성로 281
5dd95c85-acf7-45af-8568-89b2fe2436b1,남궁예린,Female,6,2019-02-05,충청남도 평택시 시장천변길 166
ac43bb7e-c865-406f-8eac-a810e50fc137,가가연,Female,24,2001-04-17,전북특별자치도 충주시 장곡로 68
25d58e9a-f369-4e91-b7f2-f40b52e0b5f4,강선애,Female,61,1964-01-07,충청남도 의성군 보산원2길 2
57074ac9-0ea2-47da-a047-58579af46085,시은찬,Male,8,2017-03-15,강원특별자치도 화천군 가재울로93번길 6
8d8ed06d-7ce2-4098-a416-6f94fd04e8d3,서지원,Male,8,2016-11-09,경기도 수원시 팔달구 영산길 183
7992d56c-f60a-4178-aa3a-bf521629310b,하윤우,Male,7,2018-06-27,충청북도 수원시 권선구 양곡1길 178
5d61d3d2-36a2-4a2b-8f56-802d1d55ecb9,빈정진,Female,50,1974-07-27,경상남도 청주시 청원구 저도길 307
e9c52c5d-17a1-4865-9e7e-c6ee5ad9ebb6,승성균,Male,61,1963-11-22,전북특별자치도 곡성군 능주종방길 50
293a721f-ef62-4812-b829-ac3cc20e4ff4,당성호,Male,63,1961-10-11,전북특별자치도 시흥시 덕봉길 314
617067dd-43be-49ad-b709-a37fa8b70288,노미영,Female,37,1988-03-07,경기도 영덕군 백마산길 131
23d97977-06bd-4aaf-a747-943c14475146,사정주,Female,48,1976-11-22,충청북도 하남시 연소1길 118
fe91d008-a527-4d31-a645-47515e9dac7f,어서영,Female,33,1992-05-25,경기도 보성군 대촌로25번길 213
f3fc8a43-d2cf-4420-a71d-cfe893b5143c,표준수,Male,16,2009-04-05,경상북도 화천군 화전로43번길 256
fbfcedbe-e944-4d75-99ed-d242978702b8,구명미,Female,61,1963-12-18,경상북도 칠곡군 인동28길 29
ea05b2f8-c9d6-488b-96b5-2bf17cbccc8c,양정영,Female,44,1980-07-24,전라남도 해남군 남호5길 186
f23ef2a9-3831-434e-b905-c4c463f9d09c,황보민준,Male,26,1998-11-16,전라남도 인제군 유성대로877번길 338
8e967f51-1c82-4372-918e-7f59ef4ebba0,양태양,Male,33,1991-11-08,충청북도 남해군 옥전1길 269
a44e0111-f7a0-40b7-8a91-07817b9c8524,이진식,Male,60,1965-04-15,충청북도 천안시 동남구 금곡길 207
b2691eb6-6aa2-405d-b1dd-1a9a7b1c5849,목수빈,Female,33,1991-12-10,충청북도 무안군 군익로 344
ed743369-46ee-4cc3-b2f3-daccc5d3d482,백나윤,Female,9,2016-01-11,전북특별자치도 안동시 덕두원1길 279
c08321c1-8bb1-4425-8fd1-33d007b5a074,염서아,Female,8,2016-10-12,충청남도 성남시 분당구 평동로58번길 18
3aade24b-9e29-42a9-a8a7-fcaa4935f503,선현지,Female,24,2000-09-20,충청북도 진도군 충청대로252번길 178
c751cca2-752d-4487-8fff-003a1ca750e2,장다은,Female,6,2019-04-02,경기도 가평군 내토로 194
86c44ce5-57e3-41cc-8310-808d01058d65,당유안,Male,11,2013-12-13,부산광역시 부산진구 방화대로19길 30
973a9c0a-99bd-4def-befc-5f24f66f0caf,신진주,Male,62,1963-03-26,제주특별자치도 포항시 북구 광평길 173
b2878cbe-d927-4551-957f-ca8c725819f6,나미진,Female,52,1973-02-17,경상남도 창원시 성산구 명천로6길 77
4cb2b0e6-eefe-492b-8471-af38e593a7d1,두선호,Male,0,2024-12-20,경기도 달성군 신탄진로232번길 261
e31a4f17-e4e0-47b6-a535-d0fefa41296d,신은호,Male,10,2015-02-02,경기도 가평군 전불길 157
d16d46c8-b469-4d66-adbb-8d42e3cc6674,황성현,Male,32,1992-09-28,강원특별자치도 수원시 장안구 금토로79번길 139
e39ba4be-ccff-4aa9-a815-853becfdaf88,염지성,Male,32,1992-10-02,충청북도 영동군 공항로 195
65de9a99-22a1-4cff-86eb-3e3e9a7558c7,마시온,Female,7,2018-03-11,전북특별자치도 고성군 원천오촌길 228
3e34258e-9e35-4b7f-bc9b-36623a854c58,기재현,Male,16,2009-03-27,경상남도 양주시 만산8길 31
27cc82e9-42df-4088-8aa7-6cbb0375025d,복지우,Male,30,1995-06-03,경상남도 고양시 일산동구 장안로448번길 67
4fb6fc15-d15f-430e-95a8-e06fb4891208,감미연,Female,55,1969-12-09,전라남도 아산시 손곡3길 121
c2de1e5a-7c3d-4faf-8f48-ef34ace98e6f,상미진,Female,55,1970-01-06,강원특별자치도 홍천군 구암로 249
00fb2128-306b-4b73-ae72-8f2d14747adb,전영수,Male,50,1974-08-13,강원특별자치도 괴산군 외항로 29
ecf639f7-569c-43fd-8b5e-c99a0f772e97,태민재,Male,46,1979-04-13,경상남도 정선군 중평박마길 25
0869fd5f-b2ad-411b-80d0-02d65dacb68e,현민규,Male,18,2007-01-09,경상남도 영암군 흥선로 323
0ef220a0-3d8a-47b3-b3ad-e8e75c6da976,공은혜,Female,35,1989-09-14,충청북도 인제군 괴산로송평길 246
eef3dfa1-5205-43da-a088-5348db6bbf2f,유서린,Female,35,1990-03-08,경기도 완주군 덕암로 313
17393a87-253c-40af-b06e-58d6d47b7b52,노예원,Female,7,2018-03-21,강원특별자치도 증평군 수레실길 99
79950982-e922-451d-81f9-8e3e68adbc82,음서연,Female,3,2022-02-14,경기도 춘천시 마전1길 267
7e10b29b-97ff-40e3-af61-f5f57533a808,대지우,Male,23,2002-03-25,경상북도 안동시 복룡길 222
3ae3981c-9ed6-4ba1-b1dc-99659aa10757,구은선,Female,63,1961-10-02,제주특별자치도 울진군 백봉로 173
f3436fae-3cb2-4baa-851e-2751701e08aa,추은란,Female,45,1980-01-02,전북특별자치도 수원시 팔달구 함영로 113
24656510-8a36-4fc7-b438-b2c9c794ba60,위유안,Male,10,2015-04-28,충청북도 가평군 남도대교로 101
b6657ecd-d5b1-4812-81db-42bf0e3a4e0d,강정난,Female,44,1980-10-07,전라남도 진주시 승평로117번길 324
f2fb992a-6254-47f4-a84e-ffdb92ee7f54,범시완,Male,9,2016-02-19,제주특별자치도 창원시 의창구 도산대로12길 73
aa6b6016-4d5e-4259-8738-64d5dc602858,구재하,Male,12,2013-06-28,세종특별자치시 금천구 계성화왕산로 108
1b506403-c794-4ac9-b855-d4e28c99109f,옹순미,Female,57,1967-07-22,충청북도 수원시 영통구 까치목길 278
a05c9c9c-00e9-4252-b0a3-7e4277afc662,김하리,Female,5,2020-04-02,전북특별자치도 창원시 성산구 율어로 299
a8d143ad-0de3-453b-af2c-45f013fe4c61,인민수,Male,36,1989-03-27,경상북도 인제군 점촌6길 100
64dd9709-cc5c-417c-89da-7669dcfb7426,이율,Male,12,2012-07-26,서울특별시 수성구 초원로 154
e24b5831-8b9a-446a-8991-09552f06acb7,문정하,Male,48,1976-08-02,제주특별자치도 창녕군 동해로 227
e823f233-444a-4df5-952e-9e16bff52f39,경지안,Male,9,2016-05-16,서울특별시 미추홀구 연화봉로 223
3c6bd0e2-b6e0-4a91-b060-58a19d71d7ed,천시훈,Male,12,2012-07-15,경기도 의정부시 가화로 262
f33374e5-b000-4642-b145-cfbdfa25ed0b,모지안,Female,15,2010-03-01,충청북도 고령군 도리원4길 260
e26a2733-2e13-4948-b845-06a8587e760e,이혜자,Female,56,1969-05-03,강원특별자치도 군포시 미잠길 236
18c45b38-cc39-46f6-b5ed-126de573057f,화예빈,Female,6,2018-07-06,전라남도 산청군 병점노을5로 10
ce73a55f-817d-42c4-9f8b-71c5b0f32fa8,오진균,Male,43,1982-06-19,서울특별시 동작구 소대배기로 169
58ea0ddb-ba1f-4333-8100-ddbebc96921d,원민정,Female,17,2007-11-13,충청남도 철원군 화용길 168
6c1b336f-a2b3-41d3-9e94-637dc761b9da,판미연,Female,42,1983-03-05,강원특별자치도 남원시 삼일로485번길 142
8602a779-d84e-47bd-ac3d-76363559d933,장시윤,Male,5,2020-02-11,경상남도 영천시 평현로124번길 276
153f74c8-15a6-4a87-9bba-38f5d52c1e98,풍유현,Male,1,2023-07-08,울산광역시 강동구 유천길 285
cb70d3b0-d34b-46ba-bce1-45758853c24e,소지환,Male,6,2019-05-20,충청남도 함안군 덕암2길 225
ea7f82db-bb76-41c4-9a80-b351e1814198,인연우,Female,12,2012-11-21,충청남도 영동군 당넘로247번길 5
5ff073c6-05d2-438d-950b-a23012866e1b,길선정,Female,27,1998-02-27,서울특별시 강동구 남악4로 232
66993a9b-f180-4ba2-91e7-a9e0436e550e,사공정난,Female,43,1982-06-25,전라남도 김제시 한국통신로 192
e31e64ca-a3b9-4184-a183-620126ad661c,장영정,Male,57,1968-03-18,울산광역시 유성구 역골2길 253
6ec5dfe5-365e-4e4f-abd7-7f290738d6a9,강시후,Male,34,1990-12-14,충청남도 전주시 덕진구 구룡달전로 46
2385a21e-da4d-4349-992b-9924f5cdca09,부이도,Male,4,2020-10-15,경상북도 영월군 석교로150번길 175
d8e81e91-86d1-4ebe-b775-f0592bae5085,팽지수,Female,18,2006-12-25,강원특별자치도 안성시 갯벌로 272
f1e48b81-1f94-4b98-8dea-a3a3765c34ed,권영수,Female,39,1985-08-08,전라남도 완주군 명지국제6로242번길 120
5bef0928-d382-4e7c-a563-53f7f36caf11,기서우,Male,27,1998-03-07,충청북도 충주시 근흥로 56
48a5fd10-3119-4632-be6c-20f35a3f860c,장예서,Female,15,2010-01-25,강원특별자치도 담양군 큰삼내길 134
41de17d4-1fc0-49c7-b02f-2d0f4976728f,설유나,Female,15,2009-10-25,경상북도 부천시 원미구 두메향기길 25
7430affa-db12-4360-b000-cb439a0d2e5a,견영주,Male,48,1977-02-22,충청남도 이천시 대안신촌길 300
8bb96243-2013-4b69-8faa-cd2afdbff9c1,장진형,Male,55,1970-06-08,부산광역시 부산진구 천전길 306
c45aaf5e-7566-4048-9b47-5ad576983540,음미수,Female,49,1975-10-18,경상북도 사천시 연홍길 160
c6196ec9-52e1-4eb9-824f-f1c0e71bf4de,엄규민,Male,23,2002-03-13,제주특별자치도 인제군 나아봉길로 152
d1963bb5-c5d9-496a-8809-4b72a0f504eb,경미영,Female,54,1971-04-15,강원특별자치도 충주시 진리항구길 36
46716464-3c92-4411-a271-6725c55a5511,황선정,Female,26,1998-12-23,경상북도 용인시 처인구 동삼로1길 49
a243844f-7f12-4850-8458-c48a1b99b3f4,부태오,Male,0,2024-11-01,경상북도 서귀포시 척포길 36
e5d1814a-0034-4eaf-8a1c-868314d406a7,설민식,Male,50,1975-01-01,충청북도 익산시 수선길 75
4eca3c3f-e22d-450b-9ea4-f9762a1a7a33,연윤아,Female,9,2016-05-17,전라남도 안산시 상록구 도화골15길 198
6186d459-1188-4209-9188-44477325bc2c,조지민,Female,8,2016-07-21,충청남도 성남시 분당구 남포방조제로 108
cbf6d0c4-f564-4aeb-847a-891b0400da2b,아하영,Female,18,2006-10-27,전라남도 양산시 덤바위골길 70
3654e951-e0fc-4458-bd19-0a4563dcb835,박지안,Male,8,2016-09-03,제주특별자치도 오산시 원신기길 18
bd3ea609-ab9f-419e-ab98-b8eae2eb767b,진서진,Female,31,1993-10-11,경기도 정선군 반달로3번길 38
b73cba32-bd98-4aa2-8a39-ef44d7907be1,국한결,Male,30,1994-08-22,충청북도 천안시 서북구 작약로 291
ad22a75f-9c09-4331-995e-ccbb0fcc2849,지소윤,Female,14,2011-03-28,경상남도 김천시 남실길 1
2ca5409c-1041-4e56-9b0b-fe2f55ec5db1,사민재,Male,4,2021-03-20,경상남도 정읍시 용담길 180
b662919f-5f1b-4552-b332-13db2b941c01,도미정,Female,37,1987-08-13,서울특별시 도봉구 서왕길 300
87a3dfc6-b649-4cd6-8124-5477cee62cf7,신선숙,Female,55,1969-10-10,경상북도 무안군 남부2길 350
0005c1f7-75cc-44f5-a9d4-5cb7682f13e6,주태훈,Male,21,2003-07-16,충청북도 성남시 중원구 왕재길 116
b475e2db-a9e2-4cae-91a6-9b529c8cb100,진주호,Male,27,1997-11-17,경기도 청주시 서원구 이백로 78
2338800e-4833-47d3-9c58-0e854d641df8,공수진,Female,25,1999-12-28,전북특별자치도 제천시 순환길 20
0e1bb12c-de43-41a5-8e8f-fb5ca3ea365a,종윤서,Female,22,2002-11-08,경기도 안성시 구운산길 123
d364e3eb-2182-48ee-bd55-8773370016d9,금시현,Male,21,2004-02-06,충청북도 용인시 기흥구 장촌길113번길 146
96b813ef-7d75-4866-8afb-3381df74a996,양연우,Male,15,2010-04-17,전북특별자치도 옹진군 가리길 72
bd0fc31e-bce5-4ca1-af05-7934833939d5,단수호,Male,11,2013-09-28,전북특별자치도 영양군 동호길 124
a714588a-db71-4279-b90d-6fd34d548378,사영경,Female,46,1978-12-10,충청북도 광주시 넘마을길 215
c11c6949-560f-49e5-ae85-397230e98b8c,엄명애,Female,64,1961-06-17,충청북도 논산시 잔다리3길 127
1d83e747-cb9c-497b-a359-bf33e12c0f47,신정애,Female,63,1962-01-04,전라남도 무주군 산수유길 186
b674cbb6-bb13-44e0-80b4-e17c84d7aab7,표영수,Female,52,1972-12-11,충청남도 칠곡군 효천3로 107
e68e1b81-8274-4ab7-a797-179baf951c81,내새봄,Female,3,2022-04-20,대전광역시 영도구 월봉길 230
2ca5c244-1f19-4567-aa8e-ac8071276c69,여영수,Female,42,1983-05-14,강원특별자치도 봉화군 금호자원길 203
978e7b28-5b56-439c-8e5c-80d9cb8bfe28,엽지민,Female,18,2007-06-20,경상북도 김해시 내추길 156
1b9c4435-9565-4194-818d-1c1b208299e5,맹하늘,Male,2,2022-11-27,서울특별시 해운대구 왕신길 276
185840ae-9183-4295-9547-53fddaf6b12c,시정섭,Male,46,1978-12-15,전북특별자치도 여수시 구성길 289
a245f06a-2c6e-497e-980f-c9de0e725d52,팽가은,Female,12,2012-09-15,강원특별자치도 진안군 사근달길 112
a9613b6b-72ed-4df4-8c56-22b158ed34da,음정근,Male,49,1975-10-04,경상북도 영천시 현덕로 221
3de469b4-6ee1-4473-b538-a7d6c5a38bce,하영은,Female,52,1973-04-16,경기도 영광군 소안길 320
7acd76c4-7d39-4a10-aae9-d2468ba6075e,국성환,Male,64,1961-01-02,제주특별자치도 포항시 북구 정안들길 112
eee664fc-93fe-4dde-a6a8-b0002192e1f7,남민성,Male,12,2012-09-28,충청북도 춘천시 수택천로16번길 31
22ee552e-919f-46bc-87fa-9aca880fcaeb,진영석,Male,62,1963-06-02,제주특별자치도 논산시 서전로47번길 87
059c8d47-8d9d-4483-b68d-5ad72979c6b4,구태양,Male,30,1995-03-28,경상북도 성남시 중원구 노화북로 302
0d02ead3-08d7-4681-816a-8f64e70f8676,유하리,Female,3,2022-05-26,충청남도 울릉군 화천길 241
4b430d7a-acfe-4f9e-afbc-28b1e86fcc30,라정롬,Female,51,1974-06-14,제주특별자치도 밀양시 산현2길 159
de425ba9-a8ea-4398-b912-f694ddacc98e,진민서,Female,23,2002-04-06,경상북도 광양시 관문로 60
784c0d7a-3711-4b3e-a291-413b09c65c40,선미라,Female,45,1979-10-27,강원특별자치도 칠곡군 해안산업로 96
7aefa31e-5c97-492b-b20c-9cf268d0fe29,온정국,Male,47,1977-09-13,제주특별자치도 부천시 오정구 달성군청로 308
8324b6ec-6597-4a23-ba4c-61d05e38a8a7,전정애,Female,64,1961-04-11,제주특별자치도 동두천시 남해대로2477번길 198
4c822650-909c-437d-a19f-eea5cda8c61e,설하진,Male,7,2018-06-23,울산광역시 사하구 정관로 260
cf1cf1f3-8878-4e74-ac60-53d435d5d39a,황보유주,Female,15,2010-06-10,강원특별자치도 청주시 흥덕구 아란서길 77
43fa462a-2073-4686-ae08-e2075e11c0a8,여순자,Female,62,1963-05-03,울산광역시 동작구 하빈로84길 40
bd660609-17ea-40f0-8539-a38f0f548404,변지후,Male,7,2017-08-11,전북특별자치도 경주시 청원로 225
857bb31c-cba7-49b4-a574-570f7588b4cd,선우유하,Female,13,2012-03-16,강원특별자치도 이천시 아랫남교길 51
a39224c0-5a0c-467a-8ed6-7abf79a2e63f,좌현우,Male,33,1991-08-19,경상북도 옥천군 지영로 88
635b13b8-7932-47a3-84af-31e96f594eda,사성호,Male,62,1963-03-25,경상남도 제주시 감포로6길 291
34fd0b89-da8c-401e-9dcf-c9716e93f53c,민연우,Female,18,2006-12-03,제주특별자치도 논산시 신안로 346
c9852d79-d22d-432b-bd85-b0e0fa824e07,방영호,Male,48,1976-12-05,부산광역시 중구 신강길 255
c14dc6cd-7d68-4ad4-b82b-ede3417d8d41,풍영선,Female,60,1965-05-16,울산광역시 광산구 강챙이길 75
948eb367-d4ba-4ed5-b90f-f6b4d4ebe1bb,전현근,Male,47,1978-06-03,강원특별자치도 횡성군 지산오류길 154
339b453d-37d1-49f9-94d7-7498204ec289,가민재,Male,40,1985-05-25,경상북도 양구군 평화로2812번길 125
1be52710-bb8a-41dc-a6dc-f4ab4ca65b93,견하랑,Male,32,1993-01-07,전북특별자치도 성남시 분당구 백원로377번길 65
7ccd6d43-2c1c-4b4e-9f2e-7d7e7fbbb377,천은찬,Male,4,2020-11-13,경상남도 홍천군 대장로309번길 177
9c8a0063-971c-41a2-b0de-f515926f8a69,황소희,Female,23,2001-08-28,전북특별자치도 김제시 척번정7길 30
e84ea0e7-4f04-4805-bbbf-94dbc3a12838,석재이,Female,15,2010-04-18,제주특별자치도 증평군 원금의길 204
0e8f7de1-1330-4fc4-b8c0-37912d861d65,백은순,Female,43,1982-05-27,전북특별자치도 남원시 삼은길 19
aab4d4d8-9f85-43c0-8dea-2c7a9f8678d6,지태양,Male,8,2017-03-22,경상북도 청주시 상당구 용안1길 222
b37be0e6-da6d-47e8-810d-7ce232bd53a3,방선우,Male,8,2017-05-27,대구광역시 마포구 부송로 67
b77adfa7-5e8f-4cc2-a271-66a6a5a766a8,여은성,Male,20,2004-07-09,경상남도 창원시 마산합포구 작원1길 305
2c7431e6-cc2c-4cba-8cbf-f2daeedcf64b,장정후,Male,5,2020-02-08,경상남도 군포시 중앙시장길 276
b53fe684-9e6c-4382-b48d-bad7caec1769,길서빈,Female,33,1992-01-11,충청북도 의성군 장봉로 236
bd21dea0-ae21-44a4-87ea-f2b2ed3b51ad,하지안,Female,11,2013-10-07,강원특별자치도 전주시 덕진구 유성로 288
94f23e28-d8e4-4f71-9473-e61c715aa39c,팽하온,Male,9,2015-08-20,경상북도 당진시 하구송길 323
b427be80-1165-47d0-891c-cf53b76f8f72,용미수,Female,44,1980-10-25,경상남도 광주시 양와길 342
752aca27-f3c0-403b-be1e-9bea5c7d71c2,옥영애,Female,55,1969-07-26,경상북도 고양시 일산동구 정미로 90
f000f4f7-bb6e-4492-ac14-9250f7368e37,팽동주,Male,41,1984-01-16,경기도 사천시 삼학사로10길 79
e2f6ed84-ec09-41f0-8e50-2622c290529a,정미롬,Female,47,1978-04-23,울산광역시 남동구 함대로8길 21
7e1d8742-3f3e-468b-bb8d-bbbddf811acc,팽명미,Female,56,1968-09-05,경상북도 횡성군 대림오성로 271
89039884-2120-4e4c-b12c-d243b36a72a7,예하린,Female,27,1998-01-21,제주특별자치도 장성군 좁은골길 273
c9530fb4-3401-4ae7-8b68-e0fca0f8d254,손예준,Male,24,2001-03-10,제주특별자치도 고흥군 살구마을길 310
9313bf03-2259-4dfd-8a4c-55abf2286db3,당순자,Female,55,1969-09-02,경상북도 제주시 이곡길 139
6d35d322-a145-45d5-bbf9-a24a1e4ccfb0,임수빈,Female,5,2020-02-09,경상북도 이천시 영흥로722번길 35
725f8440-ed32-4615-81fa-5e54b5468ed0,엄민서,Female,17,2008-03-15,충청남도 양평군 고경길 8
28bbd986-dac4-4e60-9f6a-009128a4e3b5,방영자,Female,48,1976-12-05,제주특별자치도 익산시 칠갑산로 185
1c0527b0-adec-4a7e-95c1-b2040ed132e2,석영호,Male,30,1994-11-04,충청북도 괴산군 갈마1길 173
48faed1f-efbc-4aaf-b8d8-38677fd9088e,동동일,Male,50,1974-09-23,경기도 영덕군 사상로223번길 32
59ae66c6-aa2d-4fdf-92ef-41cb70369f12,맹예나,Female,26,1998-12-11,전라남도 강화군 솔룡길 92
6f9b14c1-66f2-4168-8fff-88afb5228e43,진지우,Female,33,1991-12-25,충청남도 부천시 원미구 독실길 47
d92b09e1-5270-4c09-a16c-208635a9eab7,주소율,Female,12,2012-10-18,인천광역시 서대문구 산노1길 92
e31d9909-af00-4199-82ab-abe0e5662b93,진혜자,Female,59,1966-06-27,인천광역시 성동구 새냉이길40번길 157
6afc686f-965d-4b2e-a595-ff64e5ed3b0b,고현수,Male,19,2005-11-08,대전광역시 대덕구 스포츠로 282
dbc52ceb-f6ab-4563-bb76-0e439b276c57,문영순,Female,45,1979-11-19,제주특별자치도 속초시 봉회길 22
ee1080ff-b429-40e0-a8de-06127a810773,연영재,Male,55,1969-09-02,제주특별자치도 경주시 궁항중앙길 340
5706f7b8-b9e0-42e5-8bbf-2b9451923a5f,소수현,Female,24,2000-10-01,전북특별자치도 봉화군 사직로9가길 204
e68b75ec-0c6a-4652-99cd-fbbe20c8bfcf,옥채아,Female,0,2024-08-23,대구광역시 양천구 삼산북로 228
65b17f82-5599-40c3-87fa-58b6ccddb563,차민호,Male,8,2016-10-10,충청남도 화순군 김해대로835번길 335
d6055979-f6a7-4ebc-9618-ad97efb8c937,대미란,Female,50,1975-03-04,경상남도 순창군 복룡길 42
f412b9b6-a777-4332-abef-7eb0201f7a52,추동국,Male,47,1977-10-26,충청북도 충주시 구만로 127
53281ac5-84f5-4311-b1e1-8ba7993fd940,두은라,Female,38,1986-10-07,경상남도 경산시 월미문화로 253
0f2c102f-0afd-4a4e-aa3b-c936a554781f,형민근,Male,44,1981-02-08,제주특별자치도 군포시 무숙로 150
31f253b9-44ca-42d3-920d-fdaaeec5c8ff,현동식,Male,47,1978-02-12,대전광역시 영등포구 몽탄로 266
60d908b7-e61c-49cb-9fd8-cdfab27a23e8,팽도하,Male,1,2024-04-27,대전광역시 서대문구 북문대로583번길 111
0409848c-b9de-48c3-942e-72f18c77f3e1,모선우,Male,3,2021-09-24,강원특별자치도 봉화군 교동2길 96
7ef5dc95-ca90-40cd-9897-78da534cc19b,창예림,Female,18,2006-07-28,충청북도 태안군 초록로693번길 19
648d8629-dd06-4a2d-ae82-4b7b217ecaf6,황영재,Male,39,1986-02-04,충청북도 군포시 새마실로 190
2b56c67a-21ca-4287-b985-55ad5b57647d,갈이솔,Female,5,2020-06-04,전북특별자치도 옥천군 지평선산단6길 77
342d0747-88d0-4ea7-ab57-486f62f00821,지윤서,Female,2,2023-02-21,전북특별자치도 안동시 경강로2024번길 174
b60d1119-034d-47d9-9037-9409a0a66091,황영선,Female,63,1962-02-13,전라남도 철원군 원소로96번길 46
54e41f9b-b2cb-4947-90ca-77a1d21b4701,풍지안,Female,3,2022-01-28,경상남도 영암군 선원5길 92
d3be71c7-83fb-4c40-aa69-870bb632385b,고루아,Female,1,2024-06-02,대구광역시 용산구 중궁길 43
92f4f6f8-71b5-490f-9b92-6ef08540e8e3,사혜화,Female,58,1966-12-27,강원특별자치도 예천군 소근로 117
7dd48ce8-14d3-46c5-8b2c-8db8ff11554a,종민주,Male,39,1986-05-01,대전광역시 북구 대화3길 1
84a266fa-f265-4841-8001-5ea9b35eabdb,어도훈,Male,2,2022-07-26,인천광역시 중구 사직로9가길 89
239f12c9-6e82-4565-b73a-412cb13cd5e6,서영국,Male,43,1982-02-22,인천광역시 부평구 신리1길 254
9a0001f2-09de-4c08-847b-ca3cb745995f,피민석,Male,49,1976-02-18,전북특별자치도 부안군 월봉길 210
334e38fd-ccb6-40b5-9742-eb9226c7f8db,형영리,Female,40,1984-08-27,인천광역시 구로구 서달로12바길 16
7ead7c97-f449-48b0-9775-10de96cb0ccf,지은지,Female,25,1999-09-22,광주광역시 강동구 서하남로75번길 242
377cd477-bb34-4b92-8c92-80afdb6641a6,장소연,Female,23,2002-06-23,대전광역시 금천구 충효로4길 331
bdad9f49-f484-4458-807c-af12f207f95a,가숙자,Female,60,1964-12-01,충청북도 이천시 인평길 84
e1a3e74c-1c5a-416b-92a1-3bbadfc4fb5e,황보준우,Male,16,2008-08-27,경기도 김해시 대남대로 295
4e7f9b74-c3cc-4e7a-8951-3b6f713c57ed,권윤지,Female,20,2005-01-04,제주특별자치도 합천군 권중로4번길 35
69bd084c-8d1b-4ce7-98db-ac5f730a7973,채태훈,Male,16,2009-04-14,전라남도 장수군 삽교로 115
48dc77da-1f7a-486d-b400-38f366623ec6,석현준,Male,8,2017-03-20,경상남도 제주시 갈우물길 136
74208cfa-6daa-4c70-b2bd-a4da6b78b7b6,음유나,Female,19,2005-10-01,경상남도 합천군 우복동길 194
771809fd-8373-4d99-98f3-207f3f7c8af8,추진하,Male,53,1972-02-04,경기도 안양시 동안구 도남로 182
6238bce5-6065-47ab-a58a-c7525ebf45bc,권정미,Female,50,1975-04-16,제주특별자치도 진주시 좌방안길 122
b29b4f66-64b3-4707-9a99-56e85cad6b8a,주나율,Female,7,2018-05-19,전라남도 합천군 장여로 115
150a0f46-9ae8-4eff-b735-ca6c7078578b,간규리,Female,15,2009-12-15,강원특별자치도 용인시 처인구 영전1길 165
87b972ee-dede-45b4-94f3-9ae7f1e750f5,종나현,Female,20,2005-02-06,전북특별자치도 무주군 찬샘2길 210
943409d0-4a0d-4d51-ad34-c070ebc22cf3,국성준,Male,59,1965-09-07,경상북도 태백시 송구터길93번길 277
e5ffeb95-9e70-4b4d-b166-a4a452c9e5da,궁현수,Male,24,2000-08-18,서울특별시 부평구 장봉로701번길 152
4466d59d-6258-4a0b-822a-8ab862a61cba,사공정일,Male,47,1978-01-07,광주광역시 구로구 봉성로2길 174
d03d9620-f039-4581-9a14-7d76f8f2c20e,소이든,Male,9,2016-04-04,전라남도 합천군 옛점중길 198
1fca60a7-eae7-438f-bd82-97e37f88f2dd,하민균,Male,36,1989-03-01,서울특별시 연수구 흑석3길 283
f5a58e9e-1a10-4129-85cd-d3d0245d1993,상명화,Female,57,1967-08-14,전라남도 성주군 삼양로163길 28
c24c3683-d910-42d0-8e7d-254cc359ca1f,내은성,Male,34,1990-11-18,제주특별자치도 안양시 만안구 소호10길 180
49eeae15-3ccf-492a-bd83-08e2dcda25b7,소승훈,Male,19,2005-12-17,세종특별자치시 사하구 태봉3길 169
29fc75b6-339a-4930-b0fe-4df944eb6242,류정희,Female,58,1967-02-22,강원특별자치도 함양군 목효로 343
08bc8749-518e-4968-98ab-b4c592e3fd27,추지환,Male,23,2002-01-17,강원특별자치도 연천군 음봉면로 20
16e6812f-d0b1-4517-bae6-0a3cacbab1b6,온승훈,Male,16,2008-09-16,충청남도 원주시 서달로12가길 302
0f39db69-5649-4d06-bb2c-1ba29e8474d2,판지훈,Male,35,1989-07-08,경상남도 청주시 서원구 윗갈미길 186
75349f5b-56c6-4185-81a8-eccb708dc37b,편영국,Male,55,1969-08-11,세종특별자치시 은평구 당호길 303
6de89684-1ea5-41e1-bce6-196ffe8ffb0f,성영순,Female,53,1971-09-15,경기도 영동군 광남로 209
d7485456-5c06-4864-8b38-c1f0ce05e0ef,두미숙,Female,63,1961-11-18,전라남도 함평군 토금2길 168
ef628092-2223-4ca4-a6a5-1f4d6788dfb3,나하린,Female,11,2013-11-01,충청남도 충주시 마송로 114
10c85a2e-c46d-4ca6-b551-47647ee7d1a6,원루아,Female,10,2015-02-19,경상남도 보은군 두양로270번길 211
232f9cec-abca-4598-ae60-c20d1cae8f1d,유미연,Female,56,1969-04-07,제주특별자치도 고성군 번덕4길 318
276f7385-9020-4d05-aa40-89a3a302fb6a,왕영미,Female,42,1983-05-12,부산광역시 구로구 홍산로 5
3be7362c-bf7e-4fc2-bf3d-ccca17014f63,강성호,Male,58,1967-02-14,경상남도 청주시 상당구 웅상대로 227
d4a44a9e-af4c-4948-8580-789c1cb0362f,사공서현,Female,24,2001-01-19,경기도 연천군 시묘길 125
d19e6b38-e163-48b1-81b7-628f7c3671cc,피태이,Female,2,2022-10-03,충청북도 함양군 복분자로 306
db8298e7-bb9b-4f60-93b9-0a7953372777,유태하,Male,3,2021-08-11,제주특별자치도 단양군 송내안골길 143
af853b84-fca5-4e80-91dd-980fc0d9d01b,현민재,Male,42,1982-12-11,충청남도 옥천군 평성로8길 3
ea6bc604-80c0-474b-854b-93fa92ceacd7,하지환,Male,16,2009-04-07,강원특별자치도 상주시 하범길 102
0ed5c1f5-e7c1-4b54-99cd-29caec55b5af,제지우,Female,30,1994-07-12,제주특별자치도 청송군 구봉로 98
1b6cbf45-5ef0-4f02-83e5-65d5ab62ae14,맹동현,Male,35,1989-11-21,경상남도 평택시 애조로 317
953b7c53-04b3-4377-bc2c-4c67499d3013,제갈정호,Male,38,1986-07-17,충청북도 청주시 청원구 판문로44번길 315
c5c25b4b-b1b0-4754-ae65-2cde1bebfe5a,범희자,Female,57,1967-07-14,제주특별자치도 고양시 덕양구 오포안로 213
7d287c34-efe1-4d0a-9120-a605e0432526,마동재,Male,41,1983-08-17,서울특별시 사상구 새만금산단3로 272
a827ffa0-4ef1-4afd-ab7b-308470f68e66,전영주,Male,60,1964-11-24,전라남도 정읍시 정서진6로 86
e97bc933-e151-4bd0-bc0c-8eb23d10837e,방서희,Female,31,1994-05-14,충청북도 홍성군 삼산북로263번길 236
a4d7f660-3881-42ec-acfa-4da3a0372a70,반규리,Female,23,2002-06-03,강원특별자치도 부안군 호계로 76
dfbd4732-5bc7-4821-a756-95d42d94a12e,견시윤,Male,33,1992-04-06,전북특별자치도 청주시 상당구 발매길 317
d2d847d3-3582-4521-a697-497ab0a9b850,이시안,Male,14,2011-06-12,경상남도 공주시 삼사길 250
f491c1ea-cd63-4bdf-89ed-9861e51e2304,가하온,Male,9,2016-02-11,제주특별자치도 수원시 권선구 도산로 142
bff07745-0842-441a-9092-d8f7c7e06047,양주영,Male,26,1998-09-14,경상남도 부여군 의성로47번길 199
8ca3db98-6c81-4ba2-8453-141fa84475c8,이이준,Male,4,2021-05-25,경상남도 김포시 옥산길 104
e37abf92-f763-4244-a980-58f4b732b9af,정정국,Male,44,1981-02-15,강원특별자치도 밀양시 성3길 121
8aeba0ed-e497-4119-a2cf-49468bbd082b,용미혜,Female,40,1984-10-26,제주특별자치도 이천시 하양지길 146
bc819069-8d5e-484f-8e13-96cc16105f09,한은숙,Female,58,1967-01-22,강원특별자치도 동두천시 비인로204번길 160
d9a36132-16ea-452a-ac1b-976123e1b57d,전영석,Male,49,1976-02-04,서울특별시 서초구 동부대로2696번길 8
9ec4a0bf-a938-4ca5-908c-c2b4aee9e507,태민우,Male,24,2000-11-06,경기도 밀양시 괴정로165번길 47
30fff46c-c92a-469e-811d-99db3f1a8f2a,편성균,Male,52,1972-08-22,세종특별자치시 영등포구 상홍1길 263
8f010915-35ae-45ec-94d6-1fb07bad40ea,사공영선,Female,62,1962-11-06,경상북도 원주시 운전1길 16
08614c0c-ab03-4301-8dd8-56925f83adcf,우유찬,Male,28,1997-06-20,대구광역시 성동구 녹차분재로 63
100310b4-be1c-43ae-9f4e-0bf840df0a18,반혜,Female,44,1981-02-13,전라남도 울주군 강정길 333
2edab907-f492-4559-8802-192f71c59294,태하윤,Female,19,2006-06-14,경상남도 하동군 내율3길 106
ece82d44-5baf-4105-a4f4-6041b88ac86d,오유지,Female,26,1999-06-15,세종특별자치시 노원구 면앙정로 37
e1cf77af-279d-43e7-a545-c7f4c1bd7005,두정미,Female,64,1960-07-19,전북특별자치도 동해시 동리선착장길 187
8db24b06-3d99-48f3-a094-e1c80f4e88b2,호수연,Female,18,2006-07-13,부산광역시 미추홀구 안불정길 203
590976ba-c539-4ece-aade-76ab86a333da,복민주,Female,28,1996-09-18,전라남도 청주시 서원구 익산대로33길 193
444bd343-41a7-4e3c-9adb-902f521da20e,지성주,Male,59,1966-01-02,서울특별시 동구 애기봉로 79
8e816504-582a-473a-860c-96bd18d02034,백민환,Male,40,1985-05-26,충청남도 양평군 다래골길 294
46e286c5-2537-41df-be3f-6613ae72bde0,박채윤,Female,20,2005-04-20,경기도 안양시 동안구 용광로 309
46bc9ebb-ca45-42ef-ad59-2c6f7c94b38d,석민국,Male,48,1976-07-26,경상북도 이천시 관현1길 333
bf075265-252a-458c-8436-6ed5fd8f2a85,구순자,Female,60,1964-10-17,전북특별자치도 남원시 횡산3길 90
829b4728-5a7d-4b74-a2e7-0438f86989cd,지은호,Male,34,1991-05-28,충청북도 아산시 덕용2길 94
b55c623a-6c9b-4d45-b9cb-2a325dc11805,허진호,Male,64,1961-06-04,대구광역시 강남구 대전2길 159
0da06e6c-63ad-4dc5-b3d1-b04f13280d09,피순미,Female,61,1964-03-11,전라남도 양산시 살대울모래기길 240
7aa01405-06b4-4d60-aba7-ca28c5e055a6,동영서,Female,37,1987-10-25,경상북도 철원군 봉포4길 343
b284469f-3362-4272-b457-07339f2e7f42,제정균,Male,37,1988-02-10,경기도 문경시 평산중앙3길 333
1c1edbdb-fa12-4815-ac6f-812dbb7e29c4,주영섭,Male,62,1962-10-15,세종특별자치시 동구 능주종방길 30
68e0ea86-6ee1-4164-945d-fba0e74a86ab,마수현,Male,16,2008-09-15,전북특별자치도 진안군 신월로 294
4532b190-9e35-429b-92ad-fc1a2104aa8a,제갈서하,Female,3,2021-10-14,경상남도 영월군 다문로70길 78
cd0f2012-cceb-4978-b7c4-4b047dbf38af,남도원,Male,4,2021-04-02,전라남도 철원군 방교길 202
63cee5c9-521a-4376-8c24-61498751bebe,간진균,Male,62,1962-08-03,전북특별자치도 영천시 온천천로 303
a9fa80ae-5590-428c-8605-d93df3428b4b,성민재,Male,44,1981-02-25,전라남도 김천시 수성로35길 71
48e593fd-5381-4eb3-ab42-a4c8e8a26000,도은채,Female,22,2002-08-22,충청남도 군위군 수풀오얏안길 345
12c8afb6-d1d5-4d8a-b6f5-fb60cb521ce2,맹정국,Male,42,1982-12-04,경상남도 천안시 동남구 충렬대로350번길 343
d250b81b-53c6-4be3-9e2d-c9de93e473c8,조정민,Male,19,2006-05-25,전북특별자치도 양양군 증산2길 91
333a7836-1b62-4999-a686-c0ada79f00e4,길시안,Male,4,2020-11-08,전북특별자치도 의령군 영나로 320
3381076a-106a-418a-8ff0-c0b5b84912a5,종지수,Female,27,1998-01-24,충청남도 공주시 순천향로 144
85ea74a2-001b-4112-8e40-5a27e3df45e0,이성재,Male,60,1965-05-03,전라남도 용인시 처인구 서산로 90
36c52e8c-46b5-405e-a502-9aed7ce7c335,설지안,Female,7,2018-02-03,경상남도 고양시 일산서구 남문길 148
ad0350ba-ea8c-496d-8e16-2e5ba8aff9da,문지우,Female,5,2020-05-23,대전광역시 북구 장자동길 57
602cd19f-bc9d-4966-b6f1-f6ff59b398f5,은정훈,Male,52,1972-09-07,전라남도 무안군 국사봉길 220
faf0b94f-70ab-4180-8d63-59d10fdcf929,판성근,Male,57,1967-12-06,경상북도 함양군 서하남로47번길 210
bb518b6d-3000-4bfd-a7a2-8b7f5c3f4d09,안진수,Male,42,1983-01-10,전북특별자치도 김천시 영남대로 10
98300405-8490-45f9-b9df-0c1c980540e2,태지후,Male,33,1992-02-01,충청남도 울진군 신흥2길 289
e640ed8b-a636-481f-910c-833d5ab445d7,내시후,Male,8,2016-10-24,전북특별자치도 무안군 용두로218번길 88
6aa2ab93-1542-4de6-a7b2-ad6a838fab36,양정란,Female,47,1978-06-21,광주광역시 은평구 율마로 70
42c53a75-92e2-4f14-ac17-088622a1358e,유영철,Male,58,1967-05-18,경기도 경산시 마전로115번길 276
8d925c16-ba2e-4452-a9d6-95751a75aa71,팽동진,Male,54,1971-05-25,충청북도 창녕군 초포다리로 345
f183df8a-7320-49e7-bbf1-3c1393e8e1eb,빈하준,Male,4,2021-06-05,전라남도 양주시 가은로 219
a777ac61-ea89-4b36-8c3d-fa696210f850,박지영,Female,19,2005-08-15,광주광역시 강동구 원당길 313
ae304425-f035-4fad-ab16-8e06fa362d0c,이영국,Male,40,1985-01-07,강원특별자치도 보은군 영흥북로426번길 87
50f0c827-4176-4e45-a577-fcb4af4f1a93,제미순,Female,38,1986-08-19,제주특별자치도 여주시 시장로 22
8271cde5-d0de-4b45-a7ad-f6f69c68b139,명가은,Female,10,2015-02-21,제주특별자치도 보은군 연구단지1길 90
6836738c-ed8b-45e8-b426-e99eed918d48,아성석,Male,62,1962-10-06,충청북도 곡성군 정채봉길 313
a9687cb3-194b-40c3-9f95-a78bda06520e,표철진,Male,58,1967-01-22,충청북도 영암군 청림유동길 26
d339fe5c-5753-4ce6-b523-93d5cf9122d9,두민식,Male,42,1983-02-17,제주특별자치도 남해군 중고개로142번길 261
e7508aa1-c881-4d88-8377-b1c77fd7b0b1,진명애,Female,60,1965-03-14,충청북도 강화군 양연로 210
92bd81cc-6350-4b2d-98b3-a292ec19abf5,우현우,Male,8,2017-06-16,대전광역시 부평구 고려대로12길 207
1cd1cbf7-6f9f-45f9-8062-bf030c27c16e,간성영,Male,44,1981-04-19,전북특별자치도 고령군 시장로 147
f925cb67-93f7-4353-b994-21333fce1496,승성담,Male,63,1961-11-10,경기도 영천시 방삼길 252
8d791de0-f8d5-435e-98c1-79f7602cfa98,간이든,Male,31,1993-10-12,경상북도 오산시 금평로 262
ce74804f-7491-4f5f-a82f-2de19937e9d7,제민환,Male,38,1987-02-03,제주특별자치도 함양군 청안로 257
4edeb4e0-c5e1-4a80-bb79-ada6a1b1e4f9,김미영,Female,47,1978-04-08,충청북도 장흥군 금호샛길 54
9e2f819b-0937-4097-a767-1ff08996454a,국서라,Female,27,1998-03-09,전북특별자치도 영주시 뿌리공원로 108
11cf6141-ab95-4fee-8c93-79e6663f9cda,어영희,Female,37,1987-09-28,강원특별자치도 속초시 사곡동길 132
82d5288b-d1c4-46d0-b16b-44981151084d,홍영준,Male,22,2003-03-03,제주특별자치도 광주시 돈배기길 151
36d93e02-18f1-4cdf-9ced-989afb262d2c,단준우,Male,1,2024-06-02,세종특별자치시 양천구 수산우회로 96
dff07178-5117-4bc9-ad4e-498ca8d836eb,길민채,Female,18,2006-11-18,강원특별자치도 경주시 천리포1길 330
5b472181-b67d-4b6a-b5be-96f287e88c72,함시현,Female,23,2001-11-04,경상북도 양주시 소사길 166
efb36955-d785-459a-9605-729ff2f67b09,채한결,Male,13,2011-08-12,제주특별자치도 공주시 용시길 284
b0a0c07c-08a2-4dec-9699-7e44e301ebc7,판다은,Female,17,2008-06-14,경기도 남원시 화랑로11길 294
f48ed112-05a7-4a3e-9d5b-cfbff6d3478b,진은지,Female,20,2004-12-05,제주특별자치도 강진군 미추홀대로 86
1780fb0b-8248-4209-9bba-2e38472b9755,라진호,Male,50,1975-01-18,전북특별자치도 순창군 새비봉남로 113
6a3411dd-12f5-4fad-8626-78fb67253cd2,감지오,Male,6,2018-12-05,전북특별자치도 파주시 운주길 120
5ed04996-a865-49e9-aba6-ab36976a51dc,현승준,Male,22,2003-06-14,전라남도 무주군 도개6길 241
cb19e9db-079a-40dd-8886-08701ffd9a0d,심영근,Male,61,1963-12-09,충청남도 의왕시 만연로 91
3062202b-3b84-4f74-b04f-56bab5ac0d38,임정우,Male,18,2006-12-06,충청북도 합천군 노실길 218
d1cea59e-e0d8-4a73-bc81-787425a981b9,범영롬,Female,53,1971-09-02,울산광역시 구로구 볼음도길 2
b8ba15d0-c233-4f98-bf78-5d1e0d5d4dc6,호진형,Male,53,1971-08-01,전라남도 곡성군 퇴계로45길 193
3bdbcfb7-0c9b-40a2-8654-79f943d5e860,주은서,Female,18,2006-08-13,제주특별자치도 청주시 청원구 감천항로291번길 136
73512df9-7901-461d-8c2a-7833a6d1419d,온경숙,Female,63,1961-12-04,전북특별자치도 강진군 삽교로 87
7b987a86-302f-4bf8-9d2f-cf8ca525aea6,경영서,Female,35,1989-09-11,충청남도 의령군 정금로392번길 336
44a3b17a-6c61-49c6-8b79-36fedf630668,위유안,Male,11,2013-12-02,경상남도 제천시 영남제일로 321
39c005fc-3969-4fdd-a084-d389db562eef,소유진,Female,23,2001-12-08,전라남도 창녕군 산덕1길 34
7bbe662b-5e53-4601-921d-a84933d83274,신영란,Female,58,1967-05-09,인천광역시 수성구 신곡2길 49
843e3d76-927a-4531-aa3f-4e64f5e26ec7,최지민,Male,34,1991-06-23,제주특별자치도 광양시 팔영길 19
3c74a9a9-19c7-40c9-8851-71f3ff228235,왕성하,Male,63,1961-12-17,전라남도 춘천시 옥천길 236
c490ba95-e9e9-4166-a157-b342f6cb9666,옹지원,Male,5,2019-08-24,강원특별자치도 완도군 장미로92번길 57
ef62a6ad-2fe4-4d25-9825-98e0344bac94,우승현,Male,21,2004-02-13,대구광역시 동작구 솔샘로16길 181
dcfe2581-c1bf-4d24-b7e6-aaf9e429490b,염영민,Male,41,1984-01-24,부산광역시 유성구 면성1길 288
dbf80517-082b-4d25-8ea1-ac9555e2d5be,은성환,Male,44,1981-03-07,전북특별자치도 창원시 마산회원구 대양로 332
e93145cf-1159-4e11-aaf2-331478a2c5df,주성식,Male,46,1978-07-26,대전광역시 관악구 터골길 191
ada7f36e-5a30-4471-b9ab-f64d891a724b,위영라,Female,41,1983-12-20,제주특별자치도 태백시 법환로58번길 184
b7b9e64b-c4b5-479f-a211-19d713304b3e,원철정,Male,59,1965-09-08,충청북도 하동군 선재로306번길 271
56c82133-2a4c-4109-89af-e9f0d127c86c,여성주,Male,51,1973-12-24,광주광역시 달서구 대모도길 3
8644b86c-26fd-46ef-a2c9-252059b7351a,기도겸,Male,1,2024-03-10,대구광역시 양천구 전영로215번길 287
3161da2c-c05f-49bf-926d-6b109a06005d,강지온,Female,7,2018-06-05,전라남도 청도군 서부순환로 262
0058253d-cac5-4587-8c3f-d67a9cdf3ea8,좌수진,Female,32,1992-12-03,전북특별자치도 홍천군 신안로 127
7fae029d-e226-45e6-be68-223021832c99,견정난,Female,47,1978-03-02,경기도 함평군 회천로 39
9fe67714-16ab-4e14-bf5d-83672706a5f0,정영섭,Male,59,1966-02-28,울산광역시 수성구 백포서길 301
50d59bbd-c9ac-4a2c-a192-ef4f1839589d,사공영근,Male,56,1968-12-04,전북특별자치도 의왕시 용천로 342
d09281c3-4810-4661-a95a-03d625c898e3,주진철,Male,63,1962-03-26,전북특별자치도 안양시 만안구 내덕로86번길 83
aa678a03-009f-434f-9fd2-36727be01bdc,강정라,Female,43,1981-07-10,충청남도 강진군 운주산길 63
1c09bf1c-cf5b-4fc0-9c59-ee3845f4d6f9,두영화,Female,58,1966-08-19,경상북도 여주시 둑방길 247
c7da4f21-d063-4504-ac91-f716ddc5fa79,온철균,Male,57,1968-07-01,충청남도 태안군 포내1길 204
505ed4be-f26c-4795-bca0-a8d8bb9cbf6a,선우세아,Female,3,2022-03-12,제주특별자치도 영주시 아차노리로 3
141ceeac-7127-4cb7-a37a-13e1ab7c7a9a,진선우,Male,32,1993-02-20,인천광역시 중구 하남대로374번길 42
26adffbc-ba19-4d63-b90b-ca297f8eebcc,강현우,Male,16,2008-11-23,경기도 군포시 덕암2길 7
08d2c9ab-6fd8-43d8-a88f-4c7e77ef73c4,노순희,Female,57,1968-01-18,대구광역시 서대문구 예당남로 100
faae660b-91fd-4fef-a198-cf91be547336,마나현,Female,13,2012-02-19,인천광역시 영등포구 금호로3길 241
a5334139-dc1d-4555-93d7-557eaa1a87ef,편진호,Male,58,1966-10-12,부산광역시 남동구 해맞이로 260
198a6bff-b45e-4762-88c0-bdd93cf25f1a,허정우,Male,21,2003-10-08,경기도 청주시 청원구 두어남길 325
5f4220d6-89a7-43ae-bc1f-4b05c6bb8432,손서준,Male,6,2019-02-25,충청북도 구례군 우치산1길 126
39f746a7-93d9-48b5-9082-325f3493b2dc,호윤재,Male,27,1997-11-11,충청남도 수원시 영통구 대월로 70
bd961634-5c7d-4bf6-838b-b3397e60628e,송우빈,Male,33,1992-04-16,강원특별자치도 울릉군 신부길 141
83288c7e-2ee9-4fd4-b0d9-9b055b8eb6aa,권진수,Male,60,1965-01-15,강원특별자치도 강진군 성중로 22
8fe0cab3-dceb-436e-93d2-cb14771c9ba2,상미혜,Female,46,1978-10-26,광주광역시 서초구 구산1길 76
31181f87-67bc-4f4a-9a72-ff13484855a5,권민기,Male,19,2005-11-08,전북특별자치도 울진군 산본로54번안길 150
31510c55-fff6-41c9-a3dc-bc5346b46357,강채연,Female,21,2003-09-17,충청남도 보은군 원효로161길 252
0a19a29b-0d46-40df-b709-6472b8081320,라은호,Male,9,2015-10-02,제주특별자치도 부천시 오정구 공단8로 105
171c7afd-46f3-4164-a7a8-b6f4b1ec6ea2,소정선,Female,56,1969-03-12,경상북도 문경시 회천로 100
357ebbd6-6a5e-43f8-bb81-dfaf04dec26e,공문호,Male,26,1998-10-20,경상남도 단양군 화산중앙로 99
29cb08cd-66fe-4c2d-92ed-3bb23340193d,왕채영,Female,21,2003-12-02,제주특별자치도 합천군 온곡길 143
08242fca-4785-4e2b-be22-92ae6e57b5aa,경서영,Female,20,2004-09-22,강원특별자치도 안동시 한사길 293
93ce5fbe-1a6b-47d9-967a-59136ab93c0d,위영난,Female,53,1972-05-22,전라남도 당진시 구학산로 32
daaaf0f3-2f4c-44d1-8df7-1fcc8a679810,모영근,Male,37,1988-03-27,경기도 안산시 상록구 백도로 199
da7e2b3d-8b6a-44c6-9bb7-13b2d16058e4,공지현,Female,26,1999-01-28,경상북도 포항시 남구 도토성길 44
dc6199cf-7a24-4a7c-8080-4166e7b5460e,복태영,Male,20,2005-06-21,전라남도 성주군 두지숭의길 304
583f62e9-9e42-4f5f-9201-0a0be87a00e8,연영애,Female,61,1964-06-19,충청남도 문경시 산본로54번안길 64
2a11c2b3-a2af-4059-a053-b7ae7bca7442,도주호,Male,13,2011-09-09,대전광역시 대덕구 월림4길 276
30cc6f17-0148-428d-80cb-b7e3052b7f5c,원진하,Male,40,1985-01-05,전북특별자치도 천안시 동남구 영부로120번길 113
b071e60c-a874-4b51-a6b9-47edf1e6c22e,전설,Female,1,2024-03-10,부산광역시 성북구 곡반정로 323
8d766e91-037b-42b5-9ea4-26c1c66913e4,음지은,Female,11,2014-05-27,강원특별자치도 곡성군 도곡2길 23
8fc5b94a-edca-4be8-ac69-8510b0f096d5,석윤지,Female,20,2005-02-17,전북특별자치도 증평군 혜음로454번길 328
4c25bd01-37b6-4407-9cbf-b694e5ac196c,마정난,Female,47,1977-12-28,경기도 나주시 내만길 59
4bf9a41d-30e3-4d30-8a16-ba0a6415658c,김진일,Male,65,1960-05-17,제주특별자치도 음성군 하내1길 248
db6f3122-0bb5-46f6-8af7-7d9e458358d3,정성섭,Male,64,1961-02-20,경상남도 군포시 상승로2길 80
dca3c6e1-f7a1-4536-b6d0-d067d51f19e6,박영근,Male,48,1976-07-27,강원특별자치도 부천시 소사구 연죽로 329
f620dddf-9d51-4967-b999-aae3f0ec1d8c,구예린,Female,5,2020-04-01,제주특별자치도 당진시 곡반정로 263
a703df63-47b6-44ee-bf17-9014aef14944,심영국,Male,64,1961-03-13,제주특별자치도 시흥시 풍경3길 102
3b284022-3513-44a2-bb38-e2852fa469b4,은지완,Male,8,2016-09-21,충청남도 포항시 북구 은현로409번길 51
668c2f9d-477b-4cf6-9804-18314a1c0100,손유주,Female,13,2012-06-22,경상남도 화순군 구정길 250
5a6963ff-ecf1-48be-948b-db1ba977f596,허채아,Female,4,2021-01-21,제주특별자치도 군위군 방동길 290
ed7ccca5-76ec-4a67-82d2-65590b99b8ff,진승우,Male,23,2002-03-06,제주특별자치도 광명시 포상10길 190
d14f3b7d-749e-4324-b8ef-dd938bb33b55,대영재,Male,44,1981-04-21,충청남도 수원시 권선구 낙동남로622번길 106
ec7d5eb0-0efd-430f-b644-cf9ae608ea48,모정자,Female,45,1979-08-04,강원특별자치도 포항시 북구 오리로 130
8efd72bc-638a-47f2-b481-fd91c4f28291,방서현,Female,17,2007-07-28,경상북도 청주시 청원구 부천로 55
8bea80b3-27af-47ba-8272-f31f4abe1083,장하진,Male,1,2023-08-07,충청남도 수원시 영통구 정리3길 171
1a8b665a-746d-4660-9dc8-4b7f35623b3f,화은숙,Female,60,1965-05-03,전북특별자치도 울진군 가마산로71길 114
2374ae79-860b-4d2f-acdd-42d45352e7ed,이진호,Male,52,1973-05-07,서울특별시 중랑구 경수대로853번길 163
6915fa6b-d6e7-44fd-b9ff-ffa9056cc074,사공미혜,Female,44,1980-10-19,광주광역시 중구 관자1길 271
06e07863-15ff-4382-8328-86f6124017fa,화주원,Male,30,1994-10-21,경상남도 태백시 영순로 69
b46dfdd0-289e-491a-84ed-5bdc90afc4ce,남민지,Female,26,1999-02-06,서울특별시 연제구 돌미로 119
bbbb529c-14c2-4d74-9f14-b295d1a5299f,장하윤,Female,3,2021-10-10,충청북도 파주시 오리산단2로 339
fcfbbed5-4809-4eeb-9afb-37cc81aa1dd6,공민지,Female,32,1993-01-08,전라남도 거제시 먹갓로28번길 8
cf94423d-8bfc-424d-a9bc-0563055abbc0,유윤,Male,2,2023-06-02,제주특별자치도 김해시 만경로 50
68ea5c0f-2975-424f-a68c-9cb314a4505d,대지우,Female,8,2016-10-07,충청남도 청주시 흥덕구 정왕대로143번길 348
c1ee2468-b00c-4f5a-bcb6-2184c21dbce7,양연우,Male,5,2020-05-18,경상북도 홍성군 원천오촌길 148
a7c89d93-2659-492f-a80f-85c3a913b7e0,선민준,Male,29,1996-05-13,충청남도 고흥군 수색로18길 279
7a52f089-0daa-43a4-b77f-ff712c8cb148,전승현,Male,23,2002-02-10,경상남도 예산군 세천북로10길 233
9d20ddb1-7a01-45dd-9af0-21bcf5539b7f,현진수,Male,43,1982-04-15,서울특별시 동대문구 하우로 349
8d6b53f1-0069-4c01-995f-1b792e840e80,평시우,Male,22,2002-09-26,부산광역시 달서구 삼수길 269
ef904abd-5701-42d0-a339-a0f01859f7c3,여명애,Female,64,1960-09-28,경기도 안산시 상록구 보산로 255
52caf5eb-91ed-4646-a424-4afb9d78eafa,예재이,Female,3,2022-06-11,경상북도 창원시 성산구 토성길25번길 206
09ce9822-8c1b-4453-b555-04757cef3c4a,전현빈,Male,18,2006-11-05,대전광역시 수영구 새냉이길40번길 62
f1b28245-a3ce-4bb2-931f-b82101713b8b,위정희,Female,35,1989-08-15,충청북도 진주시 금바위로 274
2648e0d4-2332-412c-a724-d0abcbcc9fcf,경건우,Male,2,2022-10-11,제주특별자치도 포항시 북구 어깨동무길 53
8773728e-f0be-464b-848c-e05d8034dbcc,구선희,Female,56,1969-04-21,경상북도 평창군 시대길 135
ec8dc8b0-ef8e-4c06-b6c2-88dc0799781c,배주아,Female,11,2013-09-12,충청북도 시흥시 국제과학10로 76
10d9454a-3ef6-4f65-b27a-f0031f046256,양혜미,Female,32,1992-09-17,충청북도 사천시 스포츠로542번길 266
fb98c1df-78e3-4ad6-9eba-c9406665afee,변유진,Female,19,2006-03-17,제주특별자치도 나주시 간성로67번길 73
1149091d-8794-48c9-ac3e-8823903a234b,내연서,Female,15,2010-02-24,전라남도 고양시 일산서구 하신1길 154
ded86e92-a3ba-4a76-8b79-50334722ca89,라재훈,Male,23,2001-11-07,충청남도 강화군 북부리2길 36
f782c7e2-0588-4280-b1c6-857b87ee58e2,옹미선,Female,55,1969-07-27,전북특별자치도 강진군 천보산로 284
b09e2e3c-1f24-4fb2-b8c2-bd7f6cb58039,시수호,Male,1,2023-07-09,충청남도 양구군 반양2길 10
8e97af0b-15fd-4772-9d0e-3804a55b656d,우명희,Female,58,1967-06-28,강원특별자치도 기장군 주평길 9
e98b0758-647b-41ad-8472-393e4141d8b0,모시연,Female,24,2001-02-11,전북특별자치도 남해군 영동산단로 244
58d87fa7-098a-4216-a668-6e45fc9f9298,한동재,Male,47,1977-08-25,전북특별자치도 강화군 소회산1길 279
7b40f826-0a05-4705-9b94-3d60d186d992,정미선,Female,44,1980-07-04,충청북도 단양군 노실길 343
1c6a924b-923a-4ef1-ab68-74d74c94c16e,정미연,Female,58,1966-09-21,경기도 순천시 나산상라길 251
4aa4ae4b-76f1-4e80-827e-c4c7aba58b16,우영환,Male,39,1985-09-07,강원특별자치도 동두천시 틀못1길 292
12b5a68e-9047-4256-b395-2f628d086e1a,궁정화,Female,59,1966-02-25,경상남도 고창군 송월로16번길 313
c141dd66-2c70-44ec-b897-b07a13ed064f,라예원,Female,18,2007-03-21,강원특별자치도 영양군 백제고분로17길 195
58e02e40-03e8-470d-8bbe-2cd6702e8d2a,진영리,Female,39,1986-04-24,대전광역시 노원구 청원산단1길 146
2ef6ef43-a548-42d2-b323-ac4d2672dcdd,견동현,Male,18,2006-10-08,세종특별자치시 양천구 불영계곡로 108
9afe4730-9414-45c4-9a8c-57270bafcf9f,왕성준,Male,44,1980-12-19,경상남도 의정부시 민주지산로 9
00dcab68-eec9-4b5b-9e35-990562d51d97,여지우,Female,28,1997-06-07,경기도 달성군 서우이길 109
79832daf-d2b8-4b70-99ed-386c1fed5977,석성일,Male,35,1989-11-18,부산광역시 종로구 연정모연길 321
c5468793-ede7-4fc3-a71f-becd5de50cbf,여은하,Female,3,2021-08-20,경상북도 진안군 테헤란로81길 345
131d7429-6284-453d-bb36-487f8d7c62fd,대태현,Male,29,1996-02-21,경기도 서산시 덕계둑길 95
ac7dcf1f-1c8b-46f5-a28a-91fee65ac548,노유빈,Female,13,2011-11-22,전북특별자치도 군산시 선화로65길 222
77b6565b-450f-4344-b56f-435d2bfc20b5,라재윤,Male,9,2016-05-03,전북특별자치도 안산시 단원구 금갑길 308
64118a4d-f8bc-4a37-9230-e10b81f5cb07,진진환,Male,60,1965-06-28,경기도 성남시 수정구 진평길42번길 243
9e5bbabd-af75-4283-83a8-85054ea3622a,경민주,Female,32,1993-04-28,경상남도 예산군 노실길 217
afb3370e-fa9c-4fc6-806f-5f6df0edbe2b,당미정,Female,37,1988-01-21,경기도 통영시 덕산2길 311
d5e0e4af-03ce-4396-8055-50df0f232a06,고서후,Male,14,2010-11-15,충청남도 고양시 일산서구 봉산2길 292
51054bcf-9798-4666-9b15-7d8a25b2402e,유동규,Male,42,1983-01-11,광주광역시 동작구 골안길 226
0e90cd3a-d7f0-44b6-b7de-d95372fc534d,임예빈,Female,23,2001-07-26,경상북도 구미시 상방로 305
e82ca120-a760-4cac-8c21-dd1bf1cbeef0,함동진,Male,38,1987-02-04,충청북도 구미시 신억길 211
17cfb6c6-19b4-4910-8e40-b651073dfb2e,임정난,Female,45,1979-09-27,인천광역시 해운대구 조양3길 90
af137ae6-a22a-4929-8525-b8231fa32b8f,마미란,Female,59,1966-05-23,경기도 여주시 인창2길 242
683a3c94-3817-4289-b9e8-e2e2c28df4be,지연우,Male,3,2021-12-19,경상남도 진천군 남서대로1202번길 42
aec646f4-464c-4a51-8abc-1be54c3c7cc4,방영선,Female,42,1982-09-14,경기도 포천시 상도숭뢰길176번길 297
dd661616-9a5e-45f3-8258-121ab982ab05,여예빈,Female,9,2015-08-20,부산광역시 대덕구 귀라2길 122
d1341ad6-ed66-4e72-80b0-5949faec5716,황유나,Female,14,2010-11-19,광주광역시 북구 조음2길 96
666062af-057b-4b0b-aca0-070a10eb97ac,서진균,Male,51,1973-08-03,전북특별자치도 서산시 적금뒷등길 196
d4faccfe-f19f-487e-baa8-e4570bd45144,인이찬,Male,4,2020-11-24,전라남도 당진시 반성로 319
17d931a9-cce6-4722-ae32-3eeea0b70918,가유하,Female,1,2024-01-13,대구광역시 서초구 가호월평길 107
32831477-587a-47ca-a1f3-0747bf4f605d,황하람,Male,9,2016-01-02,대구광역시 광진구 둔산중로64번길 199
b819c5b0-5b4e-449c-b001-b355077308c1,표주하,Female,7,2018-05-08,제주특별자치도 증평군 압실2길 69
38ab1721-25c6-4e0a-b4d3-68b378da5e34,신성근,Male,63,1961-11-25,경상남도 아산시 영흥로722번길 280
a10b12fd-93f3-46f3-b6da-6b2c46339e70,명시후,Male,34,1991-02-01,전라남도 양주시 회룡1길 38
b7dd4d1f-ed74-4e00-bcda-d7184117a662,방아현,Female,5,2020-04-23,대구광역시 영등포구 천문로 79
e2ec819d-8f6f-4cb2-8815-203bf7f8f580,목동호,Male,31,1994-03-23,충청북도 안동시 낙전2길 212
240315b0-aa06-4261-b3fa-6e7002413882,종지영,Female,17,2008-01-10,경상남도 안산시 단원구 선학산길 82
b08d1b00-bdb8-4ba2-9e77-709adc374018,지윤서,Female,13,2011-11-16,세종특별자치시 연제구 전파로 229
42d2eed0-772d-4376-9906-52785b20b4ac,풍지완,Male,14,2010-07-21,경기도 군위군 화순중앙로 273
1b940d71-476f-415f-bde8-9370becccad0,임성준,Male,34,1990-09-08,경기도 동두천시 원화장길 40
924790e5-82c1-4599-93d6-9e65c150086b,임성섭,Male,65,1960-04-05,경기도 통영시 우산로 4
d7d1000b-ce5f-48e9-b140-da95743f5db9,심명애,Female,63,1961-08-04,전라남도 화순군 새갓길 239
681dd9c5-56bd-4bee-8cba-047c90e2c781,윤아영,Female,19,2006-05-20,광주광역시 용산구 기곡로31번길 69
c484d7d4-5dc9-4527-9664-40df039f6bee,호혜숙,Female,62,1962-10-01,전라남도 함양군 평리길 116
91ce45f0-77d0-44da-9841-237ed7f1cf87,구명미,Female,56,1968-12-11,세종특별자치시 성북구 새장터길 6
57d018ad-30a0-4008-a74d-bdf650ef5fe7,좌지우,Male,22,2002-07-07,경상남도 양양군 궁평로87번길 61
886e2f8b-a15f-4dbe-8bf0-2c15af4225c4,장서현,Female,15,2010-01-09,세종특별자치시 강동구 새말안길 264
69176e80-fef2-4172-996d-dff369f694d5,우서우,Female,5,2020-04-19,충청남도 춘천시 삼봉길 147
85eb2876-b463-43b9-a1ea-ced81f8c0042,임성석,Male,62,1963-03-05,경기도 임실군 진산로 234
16ed15dc-9909-4964-acb6-6432dec4a51f,권미라,Female,46,1978-11-22,충청남도 보성군 공원3길 86
6c5af422-0beb-4b13-8145-ecde57ee16f4,표주안,Male,11,2013-10-21,경기도 예천군 찻골로 120
3eceefa4-96c2-4179-bd99-0180e76a8018,구진국,Male,52,1973-04-24,부산광역시 강남구 대부해안로 120
3f001b7d-634d-4793-8935-4e2f3ac51737,임다온,Female,8,2016-07-17,경기도 성주군 화평길 236
fea6c930-d885-496a-af5f-8bdc35d0445f,차동수,Male,51,1974-06-11,전북특별자치도 보령시 제월로 43
04ac956b-e268-4cd6-b61e-e595c9644170,최다은,Female,17,2008-02-03,충청북도 봉화군 석천로356번길 274
79a259d5-0cf2-4dd4-ad97-f5cb48cedebb,소성주,Male,65,1960-02-12,강원특별자치도 증평군 화평1길 291
429c2eed-a125-4c35-a2d2-b77e4f01eb98,금진국,Male,56,1969-05-10,전라남도 하남시 정문회화로 4
87663186-42b1-4733-b7b8-0db1fac8b602,진경희,Female,61,1964-05-11,전라남도 창원시 의창구 은행나무길 11
f98a67d3-0298-4abe-9c7a-6c1506578629,손지현,Female,21,2003-10-18,충청남도 광주시 선창길 321
5a6ac8ab-c265-4737-86c6-16bca2a99abf,최지훈,Male,9,2016-02-22,충청남도 청도군 목내로119번길 187
77c9e034-1bcb-4bff-8f05-43e60177dd92,신준서,Male,23,2002-03-21,세종특별자치시 강서구 강남3길 265
7d7b6435-0506-4357-b08e-6872b5a09410,어은주,Female,51,1973-12-24,강원특별자치도 울진군 용강길 256
57e89ffc-8010-4475-807b-87cd7df449d8,구영롬,Female,52,1973-05-27,울산광역시 영도구 금강자전거길 176
e9f89645-1a5a-4a91-ae0a-bcbab8e0b9e6,최우주,Male,10,2014-07-16,전북특별자치도 옹진군 상도숭뢰길176번길 179
de51bdcf-6358-4496-bc85-240a2f5f8c74,독고진영,Female,34,1990-09-07,세종특별자치시 도봉구 강변1길 295
b45d3752-7d2f-4f3b-8779-3ea6a3468dd0,임진근,Male,54,1970-07-17,경상북도 계룡시 동호로 294
07815cc2-d136-43b4-b3f6-72c3fe383310,엽정란,Female,47,1977-07-16,강원특별자치도 울진군 상범길 332
472ce54c-04fc-4387-a533-bb935b423493,손성민,Male,39,1985-12-19,울산광역시 계양구 쌍봉로 145
062781c7-750e-45a0-8766-4fcef29be943,제성민,Male,22,2003-01-18,경상북도 영광군 홍남동로 66
f5750595-0778-4d8a-b6f0-030bba98932d,추성호,Male,47,1977-09-16,전라남도 강릉시 효우2로 259
e7781e1f-9f15-48d3-b057-4ef1301e7b73,방미정,Female,44,1981-04-02,강원특별자치도 양양군 청해진로 9
8107446e-c371-44e9-85db-78796a2af154,대유주,Female,0,2024-08-18,전라남도 원주시 남암3길 159
ef3209ae-9b34-4e6b-be75-6525ada4003a,김정수,Female,55,1970-02-04,경기도 전주시 덕진구 화동삽교로2길 164
428b7768-3bf1-443d-bac5-81a73135aa22,장성근,Male,39,1985-08-03,강원특별자치도 고양시 일산동구 옹기길 324
a92a77c5-3615-431d-98fb-a42a19f20e8c,온예리,Female,33,1992-04-09,충청북도 부여군 송악길14번길 166
813805b0-a0e2-4ab4-908b-000f3dba1ae0,오지성,Male,28,1997-03-21,강원특별자치도 고성군 선화로65길 41
34795601-6e12-4054-b38d-64b07f6d4fbd,지영선,Female,63,1962-06-20,경상북도 창원시 마산합포구 생금길 11
84dd52d1-fbac-4646-8643-08bbba0e0a19,가소희,Female,15,2009-07-24,대전광역시 남동구 망운로30번길 246
5bb27d21-81eb-4018-8ee0-40e31da1a9d3,명루아,Female,5,2020-05-12,전북특별자치도 광양시 광천4길 183
620544d8-824b-4fad-a6f4-0d380776e2cc,정로운,Male,14,2010-12-16,강원특별자치도 영덕군 김포대로2053번길 245
79be2be8-4679-49f0-9bcd-16279fa2679e,피다연,Female,11,2013-08-05,경기도 강진군 수정로88번길 156
3da05a49-537e-488e-abcf-17a2e4eede6b,양지온,Female,1,2024-03-12,대구광역시 송파구 양재대로130길 130
eee582e1-92cf-40dd-9aaf-cd5f0914bad2,당성환,Male,48,1977-01-03,충청북도 영주시 한중5로 171
59f22bfb-f46b-4cd4-a205-ea653ca81a58,오성석,Male,64,1960-11-12,경상북도 청주시 서원구 봉치길 162
546b0203-ad97-44bc-8879-e07dabbfeff8,국명화,Female,55,1969-09-18,전라남도 홍성군 하신1길 30
59df3c1c-e359-4234-83e9-11101eeda612,팽정롬,Female,48,1977-01-22,충청북도 철원군 관아길 231
f4c46d02-ea60-47e2-b94e-a23629d460e7,국정숙,Female,56,1969-02-04,전북특별자치도 부천시 소사구 양정로349번길 238
c6b64ea8-fa23-4779-a838-4fcfc4d14e13,진예지,Female,5,2019-07-05,전북특별자치도 포천시 우암로 264
4d60bc80-2cff-429e-b5f0-43940055d8b7,하영식,Male,52,1972-11-13,충청북도 청주시 서원구 비슬로362길 127
d9b3daf3-b3b3-4d71-a90c-63b84ab3397b,호정애,Female,57,1967-07-16,세종특별자치시 관악구 지보실1길 280
5501e109-81de-4480-bc2f-677c21d3a706,송현주,Female,27,1997-12-23,충청북도 증평군 진장4길 195
28724750-bc1f-4c7f-a568-37f769bd8ab6,백정원,Female,22,2002-11-25,광주광역시 구로구 고지길 260
d7b73eaf-927b-4f11-8fe8-2fa6a91e5ebf,형동석,Male,46,1979-02-17,서울특별시 남구 모르골길 268
c986857b-b0fa-4ca4-9335-af1b687f3247,곽다온,Male,32,1993-06-18,충청북도 고령군 문장로 68
905f29f7-df1b-4a88-9d51-402d38392dd7,경수현,Male,17,2007-09-22,충청북도 청양군 임존성길 344
9184751d-cf49-4232-a046-8fb916f1693c,홍시현,Female,17,2007-12-14,충청북도 양양군 정조로 40
d44f41c3-db27-4069-ae55-108704bddc4e,송재혁,Male,17,2007-07-16,울산광역시 구로구 예산로 5
8c331c46-798c-4023-8288-577e732bad2a,지이도,Male,3,2022-02-10,충청북도 괴산군 충효로4길 72
79f3826a-97de-4f21-ac43-15b501330388,유시윤,Female,14,2010-07-22,경기도 음성군 읍상로 206
0a245771-64f3-4b8c-80f1-7eaf739d034a,인영숙,Female,45,1980-02-12,경상남도 옹진군 고목로 233
539d1351-386e-4b75-ad65-9bb67ffac5ce,용예슬,Female,34,1991-03-19,경기도 정선군 새말7길 197
af74c363-6967-4e76-a7b1-bcfa19e8e2ac,국영주,Male,36,1989-02-18,대구광역시 남동구 대산중앙로 245
c287ca74-6af6-49ae-b6b7-44dd4d7f8517,판혜숙,Female,60,1964-10-02,강원특별자치도 김천시 산업로 182
6118ee25-791e-4280-b794-b847bc0f2659,나시은,Female,5,2019-08-03,서울특별시 영도구 운악청계로281번길 11
f3c4505c-52b8-4d37-8063-7774646b74f0,사공민서,Male,25,2000-04-15,인천광역시 구로구 지영로 325
d2ad284a-0456-4340-8c9c-63251e488f85,전선미,Female,32,1993-03-14,세종특별자치시 중구 선원5길 258
b0580c97-13fe-4056-8ac8-dda75066c09f,여정민,Female,16,2009-04-25,강원특별자치도 청도군 모항파도로 301
d6b61885-f6e3-4441-87fb-874fcb606c78,사정라,Female,54,1971-03-19,충청북도 광주시 세화강왓로22번길 71
66e5dfcc-e637-44c1-b70e-b560cef44ee3,권지율,Female,3,2021-12-06,제주특별자치도 영양군 동대리길 98
